id,prediction
BANK-00001,no
BANK-00002,no
BANK-00003,no
BANK-00004,no
BANK-00005,no
BANK-00006,no
BANK-00007,no
BANK-00008,yes
BANK-00009,yes
BANK-00010,no
BANK-00011,no
BANK-00012,no
BANK-00013,no
BANK-00014,no
BANK-00015,yes
BANK-00016,no
BANK-00017,no
BANK-00018,no
BANK-00019,no
BANK-00020,no
BANK-00021,no
BANK-00022,no
BANK-00023,no
BANK-00024,no
BANK-00025,no
BANK-00026,no
BANK-00027,no
BANK-00028,no
BANK-00029,no
BANK-00030,no
BANK-00031,yes
BANK-00032,no
BANK-00033,no
BANK-00034,no
BANK-00035,no
BANK-00036,no
BANK-00037,no
BANK-00038,no
BANK-00039,no
BANK-00040,no
BANK-00041,no
BANK-00042,no
BANK-00043,no
BANK-00044,no
BANK-00045,no
BANK-00046,no
BANK-00047,no
BANK-00048,no
BANK-00049,no
BANK-00050,no
BANK-00051,no
BANK-00052,no
BANK-00053,no
BANK-00054,no
BANK-00055,no
BANK-00056,no
BANK-00057,yes
BANK-00058,no
BANK-00059,no
BANK-00060,no
BANK-00061,no
BANK-00062,no
BANK-00063,no
BANK-00064,no
BANK-00065,no
BANK-00066,no
BANK-00067,no
BANK-00068,no
BANK-00069,no
BANK-00070,no
BANK-00071,no
BANK-00072,no
BANK-00073,yes
BANK-00074,no
BANK-00075,no
BANK-00076,no
BANK-00077,no
BANK-00078,no
BANK-00079,no
BANK-00080,no
BANK-00081,no
BANK-00082,no
BANK-00083,no
BANK-00084,no
BANK-00085,no
BANK-00086,no
BANK-00087,no
BANK-00088,no
BANK-00089,no
BANK-00090,no
BANK-00091,no
BANK-00092,no
BANK-00093,no
BANK-00094,no
BANK-00095,no
BANK-00096,no
BANK-00097,no
BANK-00098,no
BANK-00099,no
BANK-00100,no
BANK-00101,no
BANK-00102,yes
BANK-00103,no
BANK-00104,no
BANK-00105,yes
BANK-00106,no
BANK-00107,no
BANK-00108,no
BANK-00109,no
BANK-00110,no
BANK-00111,no
BANK-00112,no
BANK-00113,no
BANK-00114,no
BANK-00115,no
BANK-00116,no
BANK-00117,no
BANK-00118,no
BANK-00119,no
BANK-00120,no
BANK-00121,no
BANK-00122,no
BANK-00123,no
BANK-00124,no
BANK-00125,yes
BANK-00126,no
BANK-00127,no
BANK-00128,no
BANK-00129,no
BANK-00130,no
BANK-00131,no
BANK-00132,no
BANK-00133,no
BANK-00134,yes
BANK-00135,no
BANK-00136,no
BANK-00137,no
BANK-00138,no
BANK-00139,no
BANK-00140,no
BANK-00141,no
BANK-00142,no
BANK-00143,no
BANK-00144,no
BANK-00145,no
BANK-00146,no
BANK-00147,no
BANK-00148,no
BANK-00149,yes
BANK-00150,no
BANK-00151,no
BANK-00152,no
BANK-00153,no
BANK-00154,no
BANK-00155,no
BANK-00156,no
BANK-00157,no
BANK-00158,no
BANK-00159,no
BANK-00160,no
BANK-00161,no
BANK-00162,no
BANK-00163,no
BANK-00164,no
BANK-00165,no
BANK-00166,no
BANK-00167,no
BANK-00168,no
BANK-00169,no
BANK-00170,no
BANK-00171,no
BANK-00172,no
BANK-00173,no
BANK-00174,no
BANK-00175,no
BANK-00176,no
BANK-00177,yes
BANK-00178,yes
BANK-00179,no
BANK-00180,yes
BANK-00181,no
BANK-00182,no
BANK-00183,no
BANK-00184,no
BANK-00185,no
BANK-00186,no
BANK-00187,no
BANK-00188,no
BANK-00189,no
BANK-00190,yes
BANK-00191,no
BANK-00192,no
BANK-00193,no
BANK-00194,no
BANK-00195,no
BANK-00196,no
BANK-00197,no
BANK-00198,no
BANK-00199,no
BANK-00200,no
BANK-00201,no
BANK-00202,no
BANK-00203,no
BANK-00204,no
BANK-00205,no
BANK-00206,no
BANK-00207,no
BANK-00208,no
BANK-00209,no
BANK-00210,yes
BANK-00211,no
BANK-00212,yes
BANK-00213,yes
BANK-00214,no
BANK-00215,no
BANK-00216,no
BANK-00217,no
BANK-00218,no
BANK-00219,no
BANK-00220,no
BANK-00221,no
BANK-00222,no
BANK-00223,no
BANK-00224,no
BANK-00225,no
BANK-00226,no
BANK-00227,no
BANK-00228,no
BANK-00229,no
BANK-00230,no
BANK-00231,no
BANK-00232,no
BANK-00233,no
BANK-00234,no
BANK-00235,no
BANK-00236,no
BANK-00237,no
BANK-00238,no
BANK-00239,no
BANK-00240,no
BANK-00241,no
BANK-00242,no
BANK-00243,no
BANK-00244,no
BANK-00245,no
BANK-00246,no
BANK-00247,no
BANK-00248,no
BANK-00249,no
BANK-00250,no
BANK-00251,no
BANK-00252,no
BANK-00253,no
BANK-00254,no
BANK-00255,yes
BANK-00256,no
BANK-00257,no
BANK-00258,no
BANK-00259,no
BANK-00260,no
BANK-00261,no
BANK-00262,no
BANK-00263,no
BANK-00264,no
BANK-00265,no
BANK-00266,no
BANK-00267,no
BANK-00268,no
BANK-00269,no
BANK-00270,no
BANK-00271,no
BANK-00272,no
BANK-00273,no
BANK-00274,no
BANK-00275,no
BANK-00276,no
BANK-00277,no
BANK-00278,no
BANK-00279,no
BANK-00280,no
BANK-00281,no
BANK-00282,no
BANK-00283,no
BANK-00284,no
BANK-00285,no
BANK-00286,no
BANK-00287,no
BANK-00288,no
BANK-00289,no
BANK-00290,no
BANK-00291,no
BANK-00292,no
BANK-00293,no
BANK-00294,no
BANK-00295,no
BANK-00296,no
BANK-00297,no
BANK-00298,no
BANK-00299,no
BANK-00300,no
BANK-00301,no
BANK-00302,yes
BANK-00303,no
BANK-00304,no
BANK-00305,no
BANK-00306,no
BANK-00307,no
BANK-00308,no
BANK-00309,no
BANK-00310,no
BANK-00311,no
BANK-00312,no
BANK-00313,no
BANK-00314,no
BANK-00315,no
BANK-00316,no
BANK-00317,no
BANK-00318,no
BANK-00319,no
BANK-00320,no
BANK-00321,no
BANK-00322,no
BANK-00323,no
BANK-00324,no
BANK-00325,no
BANK-00326,no
BANK-00327,no
BANK-00328,no
BANK-00329,no
BANK-00330,yes
BANK-00331,no
BANK-00332,no
BANK-00333,no
BANK-00334,no
BANK-00335,no
BANK-00336,no
BANK-00337,no
BANK-00338,no
BANK-00339,no
BANK-00340,no
BANK-00341,no
BANK-00342,no
BANK-00343,no
BANK-00344,no
BANK-00345,no
BANK-00346,no
BANK-00347,no
BANK-00348,no
BANK-00349,no
BANK-00350,no
BANK-00351,no
BANK-00352,no
BANK-00353,no
BANK-00354,no
BANK-00355,no
BANK-00356,no
BANK-00357,no
BANK-00358,no
BANK-00359,no
BANK-00360,no
BANK-00361,no
BANK-00362,no
BANK-00363,no
BANK-00364,no
BANK-00365,no
BANK-00366,no
BANK-00367,no
BANK-00368,no
BANK-00369,no
BANK-00370,no
BANK-00371,no
BANK-00372,no
BANK-00373,no
BANK-00374,no
BANK-00375,no
BANK-00376,no
BANK-00377,no
BANK-00378,no
BANK-00379,no
BANK-00380,no
BANK-00381,no
BANK-00382,no
BANK-00383,no
BANK-00384,no
BANK-00385,no
BANK-00386,no
BANK-00387,no
BANK-00388,no
BANK-00389,no
BANK-00390,no
BANK-00391,no
BANK-00392,no
BANK-00393,no
BANK-00394,no
BANK-00395,no
BANK-00396,no
BANK-00397,no
BANK-00398,no
BANK-00399,no
BANK-00400,no
BANK-00401,no
BANK-00402,no
BANK-00403,no
BANK-00404,no
BANK-00405,no
BANK-00406,no
BANK-00407,no
BANK-00408,no
BANK-00409,yes
BANK-00410,no
BANK-00411,yes
BANK-00412,no
BANK-00413,no
BANK-00414,no
BANK-00415,no
BANK-00416,no
BANK-00417,no
BANK-00418,no
BANK-00419,no
BANK-00420,no
BANK-00421,no
BANK-00422,no
BANK-00423,no
BANK-00424,no
BANK-00425,yes
BANK-00426,yes
BANK-00427,no
BANK-00428,no
BANK-00429,no
BANK-00430,no
BANK-00431,no
BANK-00432,no
BANK-00433,no
BANK-00434,no
BANK-00435,no
BANK-00436,no
BANK-00437,no
BANK-00438,no
BANK-00439,no
BANK-00440,no
BANK-00441,no
BANK-00442,no
BANK-00443,no
BANK-00444,yes
BANK-00445,no
BANK-00446,no
BANK-00447,no
BANK-00448,no
BANK-00449,no
BANK-00450,no
BANK-00451,no
BANK-00452,no
BANK-00453,no
BANK-00454,no
BANK-00455,no
BANK-00456,no
BANK-00457,yes
BANK-00458,no
BANK-00459,no
BANK-00460,no
BANK-00461,yes
BANK-00462,no
BANK-00463,no
BANK-00464,no
BANK-00465,no
BANK-00466,no
BANK-00467,no
BANK-00468,no
BANK-00469,no
BANK-00470,no
BANK-00471,no
BANK-00472,no
BANK-00473,no
BANK-00474,no
BANK-00475,no
BANK-00476,no
BANK-00477,no
BANK-00478,no
BANK-00479,no
BANK-00480,no
BANK-00481,yes
BANK-00482,no
BANK-00483,no
BANK-00484,no
BANK-00485,no
BANK-00486,no
BANK-00487,no
BANK-00488,no
BANK-00489,no
BANK-00490,no
BANK-00491,no
BANK-00492,no
BANK-00493,no
BANK-00494,no
BANK-00495,no
BANK-00496,no
BANK-00497,no
BANK-00498,no
BANK-00499,no
BANK-00500,no
BANK-00501,no
BANK-00502,no
BANK-00503,no
BANK-00504,no
BANK-00505,yes
BANK-00506,no
BANK-00507,no
BANK-00508,no
BANK-00509,yes
BANK-00510,no
BANK-00511,no
BANK-00512,no
BANK-00513,yes
BANK-00514,no
BANK-00515,no
BANK-00516,no
BANK-00517,no
BANK-00518,no
BANK-00519,no
BANK-00520,no
BANK-00521,no
BANK-00522,no
BANK-00523,no
BANK-00524,no
BANK-00525,no
BANK-00526,no
BANK-00527,no
BANK-00528,no
BANK-00529,no
BANK-00530,no
BANK-00531,no
BANK-00532,no
BANK-00533,no
BANK-00534,no
BANK-00535,no
BANK-00536,no
BANK-00537,yes
BANK-00538,no
BANK-00539,no
BANK-00540,no
BANK-00541,no
BANK-00542,no
BANK-00543,no
BANK-00544,no
BANK-00545,no
BANK-00546,no
BANK-00547,no
BANK-00548,no
BANK-00549,no
BANK-00550,no
BANK-00551,yes
BANK-00552,no
BANK-00553,no
BANK-00554,no
BANK-00555,no
BANK-00556,no
BANK-00557,no
BANK-00558,no
BANK-00559,no
BANK-00560,no
BANK-00561,no
BANK-00562,yes
BANK-00563,no
BANK-00564,no
BANK-00565,no
BANK-00566,no
BANK-00567,no
BANK-00568,no
BANK-00569,no
BANK-00570,no
BANK-00571,no
BANK-00572,no
BANK-00573,no
BANK-00574,no
BANK-00575,no
BANK-00576,no
BANK-00577,no
BANK-00578,no
BANK-00579,no
BANK-00580,no
BANK-00581,no
BANK-00582,no
BANK-00583,no
BANK-00584,no
BANK-00585,no
BANK-00586,no
BANK-00587,no
BANK-00588,no
BANK-00589,no
BANK-00590,no
BANK-00591,no
BANK-00592,no
BANK-00593,no
BANK-00594,no
BANK-00595,no
BANK-00596,no
BANK-00597,no
BANK-00598,no
BANK-00599,no
BANK-00600,no
BANK-00601,no
BANK-00602,no
BANK-00603,no
BANK-00604,no
BANK-00605,no
BANK-00606,no
BANK-00607,no
BANK-00608,no
BANK-00609,no
BANK-00610,no
BANK-00611,no
BANK-00612,yes
BANK-00613,no
BANK-00614,no
BANK-00615,no
BANK-00616,no
BANK-00617,no
BANK-00618,no
BANK-00619,no
BANK-00620,no
BANK-00621,yes
BANK-00622,no
BANK-00623,no
BANK-00624,no
BANK-00625,no
BANK-00626,no
BANK-00627,no
BANK-00628,no
BANK-00629,no
BANK-00630,no
BANK-00631,no
BANK-00632,no
BANK-00633,no
BANK-00634,no
BANK-00635,no
BANK-00636,no
BANK-00637,no
BANK-00638,no
BANK-00639,no
BANK-00640,no
BANK-00641,no
BANK-00642,no
BANK-00643,no
BANK-00644,no
BANK-00645,no
BANK-00646,no
BANK-00647,no
BANK-00648,no
BANK-00649,no
BANK-00650,no
BANK-00651,no
BANK-00652,no
BANK-00653,no
BANK-00654,no
BANK-00655,yes
BANK-00656,no
BANK-00657,no
BANK-00658,no
BANK-00659,no
BANK-00660,no
BANK-00661,no
BANK-00662,no
BANK-00663,no
BANK-00664,no
BANK-00665,no
BANK-00666,no
BANK-00667,no
BANK-00668,no
BANK-00669,no
BANK-00670,no
BANK-00671,no
BANK-00672,no
BANK-00673,no
BANK-00674,no
BANK-00675,no
BANK-00676,no
BANK-00677,no
BANK-00678,no
BANK-00679,no
BANK-00680,no
BANK-00681,no
BANK-00682,no
BANK-00683,no
BANK-00684,no
BANK-00685,no
BANK-00686,no
BANK-00687,no
BANK-00688,no
BANK-00689,no
BANK-00690,no
BANK-00691,no
BANK-00692,no
BANK-00693,no
BANK-00694,no
BANK-00695,no
BANK-00696,no
BANK-00697,no
BANK-00698,no
BANK-00699,no
BANK-00700,no
BANK-00701,no
BANK-00702,no
BANK-00703,no
BANK-00704,no
BANK-00705,no
BANK-00706,no
BANK-00707,no
BANK-00708,no
BANK-00709,no
BANK-00710,no
BANK-00711,no
BANK-00712,no
BANK-00713,no
BANK-00714,no
BANK-00715,no
BANK-00716,no
BANK-00717,no
BANK-00718,yes
BANK-00719,no
BANK-00720,no
BANK-00721,no
BANK-00722,no
BANK-00723,no
BANK-00724,no
BANK-00725,no
BANK-00726,no
BANK-00727,no
BANK-00728,no
BANK-00729,no
BANK-00730,no
BANK-00731,no
BANK-00732,yes
BANK-00733,no
BANK-00734,no
BANK-00735,no
BANK-00736,no
BANK-00737,no
BANK-00738,no
BANK-00739,no
BANK-00740,no
BANK-00741,yes
BANK-00742,no
BANK-00743,no
BANK-00744,no
BANK-00745,yes
BANK-00746,no
BANK-00747,no
BANK-00748,no
BANK-00749,no
BANK-00750,no
BANK-00751,no
BANK-00752,no
BANK-00753,no
BANK-00754,no
BANK-00755,no
BANK-00756,no
BANK-00757,no
BANK-00758,no
BANK-00759,no
BANK-00760,no
BANK-00761,no
BANK-00762,no
BANK-00763,yes
BANK-00764,no
BANK-00765,no
BANK-00766,no
BANK-00767,no
BANK-00768,no
BANK-00769,no
BANK-00770,no
BANK-00771,no
BANK-00772,no
BANK-00773,no
BANK-00774,no
BANK-00775,no
BANK-00776,no
BANK-00777,no
BANK-00778,no
BANK-00779,no
BANK-00780,no
BANK-00781,no
BANK-00782,no
BANK-00783,no
BANK-00784,no
BANK-00785,no
BANK-00786,no
BANK-00787,no
BANK-00788,no
BANK-00789,no
BANK-00790,no
BANK-00791,no
BANK-00792,no
BANK-00793,no
BANK-00794,no
BANK-00795,no
BANK-00796,no
BANK-00797,no
BANK-00798,no
BANK-00799,no
BANK-00800,no
BANK-00801,no
BANK-00802,no
BANK-00803,no
BANK-00804,no
BANK-00805,no
BANK-00806,no
BANK-00807,no
BANK-00808,no
BANK-00809,no
BANK-00810,no
BANK-00811,no
BANK-00812,no
BANK-00813,no
BANK-00814,no
BANK-00815,no
BANK-00816,no
BANK-00817,no
BANK-00818,no
BANK-00819,no
BANK-00820,no
BANK-00821,no
BANK-00822,no
BANK-00823,yes
BANK-00824,no
BANK-00825,no
BANK-00826,no
BANK-00827,no
BANK-00828,no
BANK-00829,no
BANK-00830,no
BANK-00831,no
BANK-00832,no
BANK-00833,no
BANK-00834,no
BANK-00835,no
BANK-00836,no
BANK-00837,no
BANK-00838,no
BANK-00839,no
BANK-00840,no
BANK-00841,no
BANK-00842,no
BANK-00843,yes
BANK-00844,no
BANK-00845,no
BANK-00846,no
BANK-00847,no
BANK-00848,no
BANK-00849,no
BANK-00850,no
BANK-00851,no
BANK-00852,no
BANK-00853,no
BANK-00854,no
BANK-00855,no
BANK-00856,no
BANK-00857,no
BANK-00858,no
BANK-00859,no
BANK-00860,no
BANK-00861,no
BANK-00862,yes
BANK-00863,no
BANK-00864,no
BANK-00865,no
BANK-00866,no
BANK-00867,no
BANK-00868,no
BANK-00869,no
BANK-00870,no
BANK-00871,no
BANK-00872,yes
BANK-00873,no
BANK-00874,no
BANK-00875,no
BANK-00876,no
BANK-00877,no
BANK-00878,no
BANK-00879,no
BANK-00880,no
BANK-00881,no
BANK-00882,no
BANK-00883,no
BANK-00884,no
BANK-00885,no
BANK-00886,no
BANK-00887,no
BANK-00888,no
BANK-00889,no
BANK-00890,yes
BANK-00891,no
BANK-00892,yes
BANK-00893,no
BANK-00894,no
BANK-00895,no
BANK-00896,no
BANK-00897,yes
BANK-00898,no
BANK-00899,no
BANK-00900,no
BANK-00901,no
BANK-00902,no
BANK-00903,no
BANK-00904,no
BANK-00905,no
BANK-00906,no
BANK-00907,no
BANK-00908,no
BANK-00909,no
BANK-00910,no
BANK-00911,no
BANK-00912,no
BANK-00913,no
BANK-00914,yes
BANK-00915,no
BANK-00916,no
BANK-00917,no
BANK-00918,no
BANK-00919,yes
BANK-00920,no
BANK-00921,no
BANK-00922,no
BANK-00923,no
BANK-00924,no
BANK-00925,no
BANK-00926,no
BANK-00927,no
BANK-00928,no
BANK-00929,no
BANK-00930,no
BANK-00931,no
BANK-00932,no
BANK-00933,no
BANK-00934,no
BANK-00935,no
BANK-00936,no
BANK-00937,no
BANK-00938,no
BANK-00939,no
BANK-00940,no
BANK-00941,no
BANK-00942,no
BANK-00943,no
BANK-00944,no
BANK-00945,no
BANK-00946,no
BANK-00947,no
BANK-00948,no
BANK-00949,no
BANK-00950,no
BANK-00951,no
BANK-00952,no
BANK-00953,no
BANK-00954,no
BANK-00955,no
BANK-00956,no
BANK-00957,yes
BANK-00958,no
BANK-00959,no
BANK-00960,no
BANK-00961,no
BANK-00962,no
BANK-00963,no
BANK-00964,no
BANK-00965,yes
BANK-00966,no
BANK-00967,no
BANK-00968,yes
BANK-00969,no
BANK-00970,no
BANK-00971,no
BANK-00972,no
BANK-00973,no
BANK-00974,no
BANK-00975,no
BANK-00976,no
BANK-00977,no
BANK-00978,no
BANK-00979,no
BANK-00980,no
BANK-00981,no
BANK-00982,no
BANK-00983,no
BANK-00984,yes
BANK-00985,no
BANK-00986,no
BANK-00987,no
BANK-00988,yes
BANK-00989,no
BANK-00990,no
BANK-00991,no
BANK-00992,no
BANK-00993,no
BANK-00994,no
BANK-00995,no
BANK-00996,no
BANK-00997,no
BANK-00998,no
BANK-00999,no
BANK-01000,no
BANK-01001,no
BANK-01002,no
BANK-01003,no
BANK-01004,no
BANK-01005,no
BANK-01006,no
BANK-01007,no
BANK-01008,no
BANK-01009,no
BANK-01010,no
BANK-01011,no
BANK-01012,no
BANK-01013,no
BANK-01014,no
BANK-01015,no
BANK-01016,no
BANK-01017,no
BANK-01018,no
BANK-01019,no
BANK-01020,no
BANK-01021,yes
BANK-01022,no
BANK-01023,no
BANK-01024,no
BANK-01025,no
BANK-01026,no
BANK-01027,no
BANK-01028,no
BANK-01029,no
BANK-01030,no
BANK-01031,no
BANK-01032,no
BANK-01033,no
BANK-01034,no
BANK-01035,no
BANK-01036,no
BANK-01037,no
BANK-01038,no
BANK-01039,no
BANK-01040,no
BANK-01041,no
BANK-01042,no
BANK-01043,no
BANK-01044,no
BANK-01045,no
BANK-01046,no
BANK-01047,no
BANK-01048,no
BANK-01049,no
BANK-01050,no
BANK-01051,no
BANK-01052,no
BANK-01053,no
BANK-01054,no
BANK-01055,no
BANK-01056,no
BANK-01057,no
BANK-01058,no
BANK-01059,no
BANK-01060,no
BANK-01061,yes
BANK-01062,no
BANK-01063,no
BANK-01064,no
BANK-01065,no
BANK-01066,yes
BANK-01067,yes
BANK-01068,no
BANK-01069,no
BANK-01070,no
BANK-01071,yes
BANK-01072,no
BANK-01073,no
BANK-01074,no
BANK-01075,no
BANK-01076,no
BANK-01077,no
BANK-01078,no
BANK-01079,no
BANK-01080,no
BANK-01081,no
BANK-01082,no
BANK-01083,no
BANK-01084,no
BANK-01085,no
BANK-01086,no
BANK-01087,no
BANK-01088,no
BANK-01089,no
BANK-01090,no
BANK-01091,no
BANK-01092,no
BANK-01093,no
BANK-01094,no
BANK-01095,no
BANK-01096,no
BANK-01097,no
BANK-01098,no
BANK-01099,no
BANK-01100,no
BANK-01101,yes
BANK-01102,yes
BANK-01103,no
BANK-01104,no
BANK-01105,no
BANK-01106,no
BANK-01107,no
BANK-01108,no
BANK-01109,yes
BANK-01110,no
BANK-01111,yes
BANK-01112,no
BANK-01113,no
BANK-01114,no
BANK-01115,no
BANK-01116,no
BANK-01117,no
BANK-01118,no
BANK-01119,no
BANK-01120,no
BANK-01121,no
BANK-01122,no
BANK-01123,no
BANK-01124,no
BANK-01125,no
BANK-01126,no
BANK-01127,no
BANK-01128,no
BANK-01129,no
BANK-01130,no
BANK-01131,no
BANK-01132,no
BANK-01133,no
BANK-01134,no
BANK-01135,no
BANK-01136,no
BANK-01137,no
BANK-01138,no
BANK-01139,no
BANK-01140,no
BANK-01141,no
BANK-01142,no
BANK-01143,no
BANK-01144,no
BANK-01145,no
BANK-01146,no
BANK-01147,no
BANK-01148,no
BANK-01149,no
BANK-01150,no
BANK-01151,no
BANK-01152,no
BANK-01153,no
BANK-01154,no
BANK-01155,no
BANK-01156,no
BANK-01157,no
BANK-01158,no
BANK-01159,no
BANK-01160,no
BANK-01161,no
BANK-01162,no
BANK-01163,no
BANK-01164,no
BANK-01165,no
BANK-01166,no
BANK-01167,no
BANK-01168,no
BANK-01169,no
BANK-01170,no
BANK-01171,no
BANK-01172,no
BANK-01173,no
BANK-01174,no
BANK-01175,no
BANK-01176,no
BANK-01177,no
BANK-01178,no
BANK-01179,yes
BANK-01180,yes
BANK-01181,no
BANK-01182,no
BANK-01183,no
BANK-01184,no
BANK-01185,yes
BANK-01186,no
BANK-01187,no
BANK-01188,no
BANK-01189,yes
BANK-01190,no
BANK-01191,no
BANK-01192,yes
BANK-01193,no
BANK-01194,yes
BANK-01195,no
BANK-01196,no
BANK-01197,no
BANK-01198,no
BANK-01199,no
BANK-01200,no
BANK-01201,no
BANK-01202,no
BANK-01203,no
BANK-01204,no
BANK-01205,no
BANK-01206,no
BANK-01207,no
BANK-01208,no
BANK-01209,no
BANK-01210,no
BANK-01211,yes
BANK-01212,no
BANK-01213,no
BANK-01214,no
BANK-01215,no
BANK-01216,no
BANK-01217,no
BANK-01218,no
BANK-01219,no
BANK-01220,no
BANK-01221,no
BANK-01222,no
BANK-01223,no
BANK-01224,no
BANK-01225,no
BANK-01226,no
BANK-01227,no
BANK-01228,no
BANK-01229,no
BANK-01230,no
BANK-01231,no
BANK-01232,no
BANK-01233,no
BANK-01234,no
BANK-01235,no
BANK-01236,no
BANK-01237,no
BANK-01238,no
BANK-01239,no
BANK-01240,no
BANK-01241,no
BANK-01242,no
BANK-01243,no
BANK-01244,no
BANK-01245,no
BANK-01246,no
BANK-01247,no
BANK-01248,no
BANK-01249,no
BANK-01250,no
BANK-01251,no
BANK-01252,no
BANK-01253,no
BANK-01254,no
BANK-01255,no
BANK-01256,no
BANK-01257,no
BANK-01258,no
BANK-01259,no
BANK-01260,no
BANK-01261,no
BANK-01262,no
BANK-01263,no
BANK-01264,no
BANK-01265,no
BANK-01266,no
BANK-01267,no
BANK-01268,no
BANK-01269,no
BANK-01270,no
BANK-01271,no
BANK-01272,no
BANK-01273,no
BANK-01274,no
BANK-01275,no
BANK-01276,no
BANK-01277,no
BANK-01278,no
BANK-01279,no
BANK-01280,no
BANK-01281,no
BANK-01282,no
BANK-01283,no
BANK-01284,no
BANK-01285,no
BANK-01286,no
BANK-01287,no
BANK-01288,no
BANK-01289,no
BANK-01290,no
BANK-01291,no
BANK-01292,no
BANK-01293,no
BANK-01294,no
BANK-01295,no
BANK-01296,no
BANK-01297,no
BANK-01298,no
BANK-01299,no
BANK-01300,no
BANK-01301,no
BANK-01302,no
BANK-01303,no
BANK-01304,yes
BANK-01305,no
BANK-01306,no
BANK-01307,no
BANK-01308,no
BANK-01309,no
BANK-01310,no
BANK-01311,no
BANK-01312,no
BANK-01313,no
BANK-01314,no
BANK-01315,no
BANK-01316,no
BANK-01317,no
BANK-01318,no
BANK-01319,no
BANK-01320,no
BANK-01321,no
BANK-01322,no
BANK-01323,no
BANK-01324,no
BANK-01325,no
BANK-01326,no
BANK-01327,no
BANK-01328,no
BANK-01329,no
BANK-01330,no
BANK-01331,no
BANK-01332,no
BANK-01333,no
BANK-01334,no
BANK-01335,no
BANK-01336,no
BANK-01337,no
BANK-01338,no
BANK-01339,no
BANK-01340,no
BANK-01341,no
BANK-01342,no
BANK-01343,no
BANK-01344,no
BANK-01345,no
BANK-01346,no
BANK-01347,no
BANK-01348,no
BANK-01349,no
BANK-01350,no
BANK-01351,yes
BANK-01352,no
BANK-01353,no
BANK-01354,no
BANK-01355,no
BANK-01356,no
BANK-01357,no
BANK-01358,no
BANK-01359,no
BANK-01360,no
BANK-01361,no
BANK-01362,no
BANK-01363,yes
BANK-01364,no
BANK-01365,no
BANK-01366,no
BANK-01367,no
BANK-01368,no
BANK-01369,no
BANK-01370,no
BANK-01371,no
BANK-01372,no
BANK-01373,no
BANK-01374,yes
BANK-01375,no
BANK-01376,no
BANK-01377,yes
BANK-01378,no
BANK-01379,no
BANK-01380,no
BANK-01381,no
BANK-01382,no
BANK-01383,no
BANK-01384,no
BANK-01385,no
BANK-01386,no
BANK-01387,no
BANK-01388,no
BANK-01389,no
BANK-01390,no
BANK-01391,no
BANK-01392,no
BANK-01393,no
BANK-01394,no
BANK-01395,no
BANK-01396,yes
BANK-01397,no
BANK-01398,no
BANK-01399,no
BANK-01400,no
BANK-01401,no
BANK-01402,no
BANK-01403,no
BANK-01404,yes
BANK-01405,no
BANK-01406,no
BANK-01407,no
BANK-01408,no
BANK-01409,no
BANK-01410,no
BANK-01411,no
BANK-01412,no
BANK-01413,no
BANK-01414,no
BANK-01415,no
BANK-01416,no
BANK-01417,no
BANK-01418,no
BANK-01419,no
BANK-01420,no
BANK-01421,no
BANK-01422,no
BANK-01423,no
BANK-01424,no
BANK-01425,no
BANK-01426,no
BANK-01427,no
BANK-01428,yes
BANK-01429,yes
BANK-01430,no
BANK-01431,no
BANK-01432,no
BANK-01433,no
BANK-01434,no
BANK-01435,no
BANK-01436,no
BANK-01437,no
BANK-01438,no
BANK-01439,no
BANK-01440,no
BANK-01441,no
BANK-01442,no
BANK-01443,no
BANK-01444,no
BANK-01445,no
BANK-01446,no
BANK-01447,no
BANK-01448,no
BANK-01449,no
BANK-01450,no
BANK-01451,no
BANK-01452,no
BANK-01453,no
BANK-01454,no
BANK-01455,no
BANK-01456,no
BANK-01457,no
BANK-01458,no
BANK-01459,no
BANK-01460,no
BANK-01461,no
BANK-01462,no
BANK-01463,no
BANK-01464,no
BANK-01465,no
BANK-01466,no
BANK-01467,yes
BANK-01468,no
BANK-01469,yes
BANK-01470,no
BANK-01471,no
BANK-01472,no
BANK-01473,no
BANK-01474,no
BANK-01475,no
BANK-01476,no
BANK-01477,no
BANK-01478,no
BANK-01479,yes
BANK-01480,no
BANK-01481,no
BANK-01482,no
BANK-01483,no
BANK-01484,no
BANK-01485,no
BANK-01486,no
BANK-01487,no
BANK-01488,no
BANK-01489,no
BANK-01490,no
BANK-01491,no
BANK-01492,no
BANK-01493,no
BANK-01494,yes
BANK-01495,no
BANK-01496,no
BANK-01497,no
BANK-01498,no
BANK-01499,no
BANK-01500,no
BANK-01501,no
BANK-01502,no
BANK-01503,no
BANK-01504,yes
BANK-01505,no
BANK-01506,no
BANK-01507,no
BANK-01508,no
BANK-01509,no
BANK-01510,no
BANK-01511,no
BANK-01512,no
BANK-01513,no
BANK-01514,no
BANK-01515,no
BANK-01516,no
BANK-01517,no
BANK-01518,no
BANK-01519,yes
BANK-01520,no
BANK-01521,no
BANK-01522,no
BANK-01523,no
BANK-01524,no
BANK-01525,no
BANK-01526,no
BANK-01527,no
BANK-01528,no
BANK-01529,no
BANK-01530,no
BANK-01531,no
BANK-01532,no
BANK-01533,no
BANK-01534,no
BANK-01535,yes
BANK-01536,no
BANK-01537,no
BANK-01538,no
BANK-01539,no
BANK-01540,no
BANK-01541,no
BANK-01542,no
BANK-01543,no
BANK-01544,no
BANK-01545,no
BANK-01546,no
BANK-01547,no
BANK-01548,no
BANK-01549,no
BANK-01550,yes
BANK-01551,no
BANK-01552,no
BANK-01553,no
BANK-01554,yes
BANK-01555,no
BANK-01556,no
BANK-01557,no
BANK-01558,no
BANK-01559,no
BANK-01560,no
BANK-01561,no
BANK-01562,no
BANK-01563,no
BANK-01564,no
BANK-01565,no
BANK-01566,no
BANK-01567,no
BANK-01568,no
BANK-01569,no
BANK-01570,no
BANK-01571,no
BANK-01572,no
BANK-01573,yes
BANK-01574,no
BANK-01575,no
BANK-01576,no
BANK-01577,no
BANK-01578,no
BANK-01579,no
BANK-01580,no
BANK-01581,no
BANK-01582,no
BANK-01583,no
BANK-01584,no
BANK-01585,no
BANK-01586,no
BANK-01587,no
BANK-01588,no
BANK-01589,no
BANK-01590,no
BANK-01591,no
BANK-01592,no
BANK-01593,no
BANK-01594,no
BANK-01595,no
BANK-01596,yes
BANK-01597,no
BANK-01598,no
BANK-01599,no
BANK-01600,no
BANK-01601,no
BANK-01602,no
BANK-01603,yes
BANK-01604,no
BANK-01605,no
BANK-01606,no
BANK-01607,no
BANK-01608,no
BANK-01609,no
BANK-01610,no
BANK-01611,no
BANK-01612,no
BANK-01613,no
BANK-01614,no
BANK-01615,no
BANK-01616,no
BANK-01617,no
BANK-01618,no
BANK-01619,no
BANK-01620,no
BANK-01621,no
BANK-01622,no
BANK-01623,no
BANK-01624,no
BANK-01625,no
BANK-01626,no
BANK-01627,no
BANK-01628,no
BANK-01629,no
BANK-01630,no
BANK-01631,no
BANK-01632,no
BANK-01633,no
BANK-01634,no
BANK-01635,no
BANK-01636,no
BANK-01637,no
BANK-01638,no
BANK-01639,no
BANK-01640,no
BANK-01641,no
BANK-01642,no
BANK-01643,no
BANK-01644,no
BANK-01645,no
BANK-01646,no
BANK-01647,no
BANK-01648,no
BANK-01649,no
BANK-01650,no
BANK-01651,no
BANK-01652,no
BANK-01653,no
BANK-01654,no
BANK-01655,no
BANK-01656,no
BANK-01657,no
BANK-01658,yes
BANK-01659,no
BANK-01660,no
BANK-01661,no
BANK-01662,no
BANK-01663,yes
BANK-01664,no
BANK-01665,no
BANK-01666,no
BANK-01667,no
BANK-01668,no
BANK-01669,no
BANK-01670,no
BANK-01671,no
BANK-01672,no
BANK-01673,no
BANK-01674,no
BANK-01675,no
BANK-01676,no
BANK-01677,no
BANK-01678,no
BANK-01679,no
BANK-01680,no
BANK-01681,no
BANK-01682,no
BANK-01683,no
BANK-01684,no
BANK-01685,yes
BANK-01686,no
BANK-01687,no
BANK-01688,no
BANK-01689,no
BANK-01690,no
BANK-01691,no
BANK-01692,no
BANK-01693,no
BANK-01694,no
BANK-01695,no
BANK-01696,no
BANK-01697,no
BANK-01698,no
BANK-01699,no
BANK-01700,no
BANK-01701,no
BANK-01702,no
BANK-01703,no
BANK-01704,no
BANK-01705,no
BANK-01706,no
BANK-01707,no
BANK-01708,no
BANK-01709,no
BANK-01710,no
BANK-01711,no
BANK-01712,no
BANK-01713,no
BANK-01714,no
BANK-01715,no
BANK-01716,no
BANK-01717,no
BANK-01718,no
BANK-01719,no
BANK-01720,no
BANK-01721,no
BANK-01722,no
BANK-01723,no
BANK-01724,no
BANK-01725,no
BANK-01726,no
BANK-01727,no
BANK-01728,no
BANK-01729,no
BANK-01730,no
BANK-01731,yes
BANK-01732,yes
BANK-01733,no
BANK-01734,no
BANK-01735,no
BANK-01736,no
BANK-01737,no
BANK-01738,no
BANK-01739,no
BANK-01740,no
BANK-01741,no
BANK-01742,no
BANK-01743,no
BANK-01744,no
BANK-01745,no
BANK-01746,no
BANK-01747,no
BANK-01748,no
BANK-01749,no
BANK-01750,no
BANK-01751,no
BANK-01752,no
BANK-01753,no
BANK-01754,no
BANK-01755,no
BANK-01756,no
BANK-01757,no
BANK-01758,no
BANK-01759,no
BANK-01760,no
BANK-01761,no
BANK-01762,no
BANK-01763,no
BANK-01764,no
BANK-01765,no
BANK-01766,no
BANK-01767,no
BANK-01768,no
BANK-01769,no
BANK-01770,no
BANK-01771,no
BANK-01772,no
BANK-01773,no
BANK-01774,no
BANK-01775,no
BANK-01776,no
BANK-01777,no
BANK-01778,no
BANK-01779,no
BANK-01780,no
BANK-01781,no
BANK-01782,no
BANK-01783,no
BANK-01784,no
BANK-01785,yes
BANK-01786,no
BANK-01787,yes
BANK-01788,no
BANK-01789,no
BANK-01790,no
BANK-01791,no
BANK-01792,no
BANK-01793,no
BANK-01794,no
BANK-01795,no
BANK-01796,no
BANK-01797,no
BANK-01798,no
BANK-01799,no
BANK-01800,no
BANK-01801,no
BANK-01802,no
BANK-01803,no
BANK-01804,no
BANK-01805,no
BANK-01806,no
BANK-01807,no
BANK-01808,no
BANK-01809,no
BANK-01810,no
BANK-01811,no
BANK-01812,no
BANK-01813,no
BANK-01814,no
BANK-01815,no
BANK-01816,no
BANK-01817,yes
BANK-01818,no
BANK-01819,no
BANK-01820,no
BANK-01821,no
BANK-01822,no
BANK-01823,no
BANK-01824,no
BANK-01825,no
BANK-01826,no
BANK-01827,no
BANK-01828,no
BANK-01829,no
BANK-01830,no
BANK-01831,no
BANK-01832,no
BANK-01833,no
BANK-01834,no
BANK-01835,no
BANK-01836,no
BANK-01837,no
BANK-01838,no
BANK-01839,no
BANK-01840,no
BANK-01841,no
BANK-01842,no
BANK-01843,no
BANK-01844,no
BANK-01845,no
BANK-01846,no
BANK-01847,no
BANK-01848,no
BANK-01849,no
BANK-01850,no
BANK-01851,no
BANK-01852,no
BANK-01853,yes
BANK-01854,no
BANK-01855,no
BANK-01856,no
BANK-01857,no
BANK-01858,no
BANK-01859,no
BANK-01860,no
BANK-01861,no
BANK-01862,yes
BANK-01863,no
BANK-01864,no
BANK-01865,yes
BANK-01866,no
BANK-01867,no
BANK-01868,no
BANK-01869,yes
BANK-01870,no
BANK-01871,no
BANK-01872,no
BANK-01873,no
BANK-01874,no
BANK-01875,no
BANK-01876,no
BANK-01877,no
BANK-01878,no
BANK-01879,no
BANK-01880,no
BANK-01881,no
BANK-01882,yes
BANK-01883,no
BANK-01884,no
BANK-01885,no
BANK-01886,no
BANK-01887,no
BANK-01888,no
BANK-01889,no
BANK-01890,no
BANK-01891,no
BANK-01892,no
BANK-01893,no
BANK-01894,yes
BANK-01895,no
BANK-01896,no
BANK-01897,no
BANK-01898,no
BANK-01899,no
BANK-01900,yes
BANK-01901,no
BANK-01902,no
BANK-01903,no
BANK-01904,no
BANK-01905,no
BANK-01906,no
BANK-01907,no
BANK-01908,no
BANK-01909,yes
BANK-01910,no
BANK-01911,no
BANK-01912,no
BANK-01913,no
BANK-01914,no
BANK-01915,no
BANK-01916,no
BANK-01917,no
BANK-01918,no
BANK-01919,no
BANK-01920,no
BANK-01921,no
BANK-01922,no
BANK-01923,no
BANK-01924,no
BANK-01925,no
BANK-01926,no
BANK-01927,no
BANK-01928,no
BANK-01929,no
BANK-01930,yes
BANK-01931,no
BANK-01932,no
BANK-01933,no
BANK-01934,yes
BANK-01935,no
BANK-01936,no
BANK-01937,no
BANK-01938,no
BANK-01939,no
BANK-01940,no
BANK-01941,no
BANK-01942,no
BANK-01943,yes
BANK-01944,no
BANK-01945,no
BANK-01946,no
BANK-01947,no
BANK-01948,yes
BANK-01949,no
BANK-01950,no
BANK-01951,no
BANK-01952,no
BANK-01953,no
BANK-01954,no
BANK-01955,no
BANK-01956,no
BANK-01957,no
BANK-01958,no
BANK-01959,no
BANK-01960,no
BANK-01961,no
BANK-01962,no
BANK-01963,no
BANK-01964,no
BANK-01965,no
BANK-01966,no
BANK-01967,yes
BANK-01968,no
BANK-01969,no
BANK-01970,no
BANK-01971,no
BANK-01972,no
BANK-01973,no
BANK-01974,no
BANK-01975,no
BANK-01976,no
BANK-01977,no
BANK-01978,no
BANK-01979,no
BANK-01980,no
BANK-01981,no
BANK-01982,no
BANK-01983,no
BANK-01984,no
BANK-01985,no
BANK-01986,no
BANK-01987,no
BANK-01988,no
BANK-01989,no
BANK-01990,no
BANK-01991,no
BANK-01992,no
BANK-01993,no
BANK-01994,yes
BANK-01995,no
BANK-01996,no
BANK-01997,no
BANK-01998,no
BANK-01999,no
BANK-02000,no
BANK-02001,no
BANK-02002,no
BANK-02003,no
BANK-02004,no
BANK-02005,no
BANK-02006,no
BANK-02007,no
BANK-02008,no
BANK-02009,no
BANK-02010,no
BANK-02011,no
BANK-02012,no
BANK-02013,no
BANK-02014,no
BANK-02015,no
BANK-02016,no
BANK-02017,no
BANK-02018,no
BANK-02019,no
BANK-02020,no
BANK-02021,no
BANK-02022,no
BANK-02023,no
BANK-02024,no
BANK-02025,yes
BANK-02026,no
BANK-02027,no
BANK-02028,yes
BANK-02029,no
BANK-02030,no
BANK-02031,no
BANK-02032,no
BANK-02033,no
BANK-02034,no
BANK-02035,no
BANK-02036,no
BANK-02037,yes
BANK-02038,no
BANK-02039,no
BANK-02040,no
BANK-02041,no
BANK-02042,no
BANK-02043,no
BANK-02044,no
BANK-02045,no
BANK-02046,no
BANK-02047,no
BANK-02048,no
BANK-02049,no
BANK-02050,no
BANK-02051,no
BANK-02052,no
BANK-02053,no
BANK-02054,no
BANK-02055,no
BANK-02056,no
BANK-02057,no
BANK-02058,no
BANK-02059,no
BANK-02060,yes
BANK-02061,no
BANK-02062,yes
BANK-02063,no
BANK-02064,no
BANK-02065,no
BANK-02066,no
BANK-02067,no
BANK-02068,no
BANK-02069,yes
BANK-02070,no
BANK-02071,no
BANK-02072,no
BANK-02073,no
BANK-02074,no
BANK-02075,no
BANK-02076,no
BANK-02077,no
BANK-02078,no
BANK-02079,no
BANK-02080,no
BANK-02081,no
BANK-02082,no
BANK-02083,no
BANK-02084,no
BANK-02085,no
BANK-02086,no
BANK-02087,no
BANK-02088,no
BANK-02089,no
BANK-02090,no
BANK-02091,no
BANK-02092,no
BANK-02093,no
BANK-02094,no
BANK-02095,no
BANK-02096,yes
BANK-02097,no
BANK-02098,no
BANK-02099,no
BANK-02100,no
BANK-02101,no
BANK-02102,no
BANK-02103,no
BANK-02104,yes
BANK-02105,no
BANK-02106,no
BANK-02107,no
BANK-02108,no
BANK-02109,no
BANK-02110,no
BANK-02111,no
BANK-02112,no
BANK-02113,no
BANK-02114,yes
BANK-02115,no
BANK-02116,yes
BANK-02117,no
BANK-02118,no
BANK-02119,no
BANK-02120,no
BANK-02121,no
BANK-02122,yes
BANK-02123,no
BANK-02124,no
BANK-02125,no
BANK-02126,no
BANK-02127,no
BANK-02128,no
BANK-02129,yes
BANK-02130,no
BANK-02131,no
BANK-02132,no
BANK-02133,no
BANK-02134,no
BANK-02135,no
BANK-02136,no
BANK-02137,no
BANK-02138,no
BANK-02139,no
BANK-02140,no
BANK-02141,no
BANK-02142,no
BANK-02143,no
BANK-02144,no
BANK-02145,no
BANK-02146,no
BANK-02147,no
BANK-02148,no
BANK-02149,yes
BANK-02150,no
BANK-02151,no
BANK-02152,no
BANK-02153,no
BANK-02154,no
BANK-02155,no
BANK-02156,no
BANK-02157,no
BANK-02158,no
BANK-02159,no
BANK-02160,no
BANK-02161,no
BANK-02162,no
BANK-02163,no
BANK-02164,yes
BANK-02165,no
BANK-02166,yes
BANK-02167,no
BANK-02168,no
BANK-02169,no
BANK-02170,no
BANK-02171,no
BANK-02172,no
BANK-02173,no
BANK-02174,no
BANK-02175,no
BANK-02176,no
BANK-02177,no
BANK-02178,no
BANK-02179,no
BANK-02180,no
BANK-02181,no
BANK-02182,no
BANK-02183,no
BANK-02184,no
BANK-02185,no
BANK-02186,no
BANK-02187,no
BANK-02188,no
BANK-02189,yes
BANK-02190,no
BANK-02191,no
BANK-02192,no
BANK-02193,no
BANK-02194,no
BANK-02195,yes
BANK-02196,no
BANK-02197,no
BANK-02198,no
BANK-02199,no
BANK-02200,no
BANK-02201,no
BANK-02202,no
BANK-02203,no
BANK-02204,no
BANK-02205,yes
BANK-02206,no
BANK-02207,no
BANK-02208,no
BANK-02209,no
BANK-02210,no
BANK-02211,no
BANK-02212,no
BANK-02213,no
BANK-02214,no
BANK-02215,no
BANK-02216,no
BANK-02217,no
BANK-02218,no
BANK-02219,no
BANK-02220,yes
BANK-02221,no
BANK-02222,no
BANK-02223,no
BANK-02224,no
BANK-02225,no
BANK-02226,no
BANK-02227,no
BANK-02228,no
BANK-02229,no
BANK-02230,no
BANK-02231,no
BANK-02232,no
BANK-02233,no
BANK-02234,no
BANK-02235,no
BANK-02236,no
BANK-02237,no
BANK-02238,no
BANK-02239,no
BANK-02240,no
BANK-02241,no
BANK-02242,no
BANK-02243,no
BANK-02244,no
BANK-02245,no
BANK-02246,no
BANK-02247,no
BANK-02248,no
BANK-02249,no
BANK-02250,no
BANK-02251,yes
BANK-02252,no
BANK-02253,no
BANK-02254,no
BANK-02255,no
BANK-02256,no
BANK-02257,no
BANK-02258,no
BANK-02259,no
BANK-02260,no
BANK-02261,no
BANK-02262,no
BANK-02263,no
BANK-02264,no
BANK-02265,no
BANK-02266,no
BANK-02267,no
BANK-02268,no
BANK-02269,no
BANK-02270,no
BANK-02271,no
BANK-02272,no
BANK-02273,no
BANK-02274,no
BANK-02275,no
BANK-02276,no
BANK-02277,no
BANK-02278,no
BANK-02279,no
BANK-02280,no
BANK-02281,no
BANK-02282,no
BANK-02283,yes
BANK-02284,no
BANK-02285,no
BANK-02286,no
BANK-02287,no
BANK-02288,no
BANK-02289,no
BANK-02290,no
BANK-02291,no
BANK-02292,no
BANK-02293,no
BANK-02294,no
BANK-02295,no
BANK-02296,no
BANK-02297,no
BANK-02298,no
BANK-02299,no
BANK-02300,no
BANK-02301,no
BANK-02302,no
BANK-02303,no
BANK-02304,no
BANK-02305,no
BANK-02306,no
BANK-02307,no
BANK-02308,no
BANK-02309,no
BANK-02310,no
BANK-02311,no
BANK-02312,no
BANK-02313,no
BANK-02314,no
BANK-02315,no
BANK-02316,no
BANK-02317,no
BANK-02318,no
BANK-02319,no
BANK-02320,no
BANK-02321,no
BANK-02322,no
BANK-02323,no
BANK-02324,no
BANK-02325,no
BANK-02326,yes
BANK-02327,no
BANK-02328,no
BANK-02329,no
BANK-02330,no
BANK-02331,no
BANK-02332,no
BANK-02333,no
BANK-02334,no
BANK-02335,no
BANK-02336,no
BANK-02337,no
BANK-02338,yes
BANK-02339,no
BANK-02340,no
BANK-02341,no
BANK-02342,no
BANK-02343,no
BANK-02344,no
BANK-02345,no
BANK-02346,no
BANK-02347,no
BANK-02348,no
BANK-02349,no
BANK-02350,no
BANK-02351,no
BANK-02352,no
BANK-02353,no
BANK-02354,no
BANK-02355,no
BANK-02356,no
BANK-02357,no
BANK-02358,no
BANK-02359,no
BANK-02360,no
BANK-02361,no
BANK-02362,no
BANK-02363,no
BANK-02364,no
BANK-02365,no
BANK-02366,no
BANK-02367,no
BANK-02368,no
BANK-02369,no
BANK-02370,no
BANK-02371,no
BANK-02372,no
BANK-02373,no
BANK-02374,no
BANK-02375,no
BANK-02376,no
BANK-02377,no
BANK-02378,no
BANK-02379,no
BANK-02380,no
BANK-02381,no
BANK-02382,no
BANK-02383,no
BANK-02384,no
BANK-02385,no
BANK-02386,no
BANK-02387,no
BANK-02388,no
BANK-02389,no
BANK-02390,no
BANK-02391,no
BANK-02392,no
BANK-02393,no
BANK-02394,no
BANK-02395,no
BANK-02396,no
BANK-02397,no
BANK-02398,yes
BANK-02399,no
BANK-02400,no
BANK-02401,no
BANK-02402,yes
BANK-02403,no
BANK-02404,no
BANK-02405,no
BANK-02406,no
BANK-02407,no
BANK-02408,yes
BANK-02409,yes
BANK-02410,no
BANK-02411,no
BANK-02412,no
BANK-02413,no
BANK-02414,yes
BANK-02415,no
BANK-02416,no
BANK-02417,yes
BANK-02418,no
BANK-02419,no
BANK-02420,no
BANK-02421,no
BANK-02422,no
BANK-02423,no
BANK-02424,no
BANK-02425,no
BANK-02426,no
BANK-02427,no
BANK-02428,no
BANK-02429,no
BANK-02430,no
BANK-02431,no
BANK-02432,yes
BANK-02433,no
BANK-02434,yes
BANK-02435,no
BANK-02436,no
BANK-02437,no
BANK-02438,no
BANK-02439,yes
BANK-02440,no
BANK-02441,no
BANK-02442,no
BANK-02443,no
BANK-02444,no
BANK-02445,no
BANK-02446,no
BANK-02447,no
BANK-02448,no
BANK-02449,no
BANK-02450,no
BANK-02451,no
BANK-02452,yes
BANK-02453,no
BANK-02454,no
BANK-02455,no
BANK-02456,no
BANK-02457,no
BANK-02458,no
BANK-02459,no
BANK-02460,no
BANK-02461,no
BANK-02462,no
BANK-02463,no
BANK-02464,no
BANK-02465,no
BANK-02466,no
BANK-02467,no
BANK-02468,no
BANK-02469,no
BANK-02470,no
BANK-02471,no
BANK-02472,no
BANK-02473,no
BANK-02474,no
BANK-02475,no
BANK-02476,no
BANK-02477,yes
BANK-02478,no
BANK-02479,no
BANK-02480,no
BANK-02481,no
BANK-02482,no
BANK-02483,no
BANK-02484,no
BANK-02485,no
BANK-02486,no
BANK-02487,no
BANK-02488,no
BANK-02489,no
BANK-02490,no
BANK-02491,no
BANK-02492,no
BANK-02493,no
BANK-02494,yes
BANK-02495,no
BANK-02496,no
BANK-02497,no
BANK-02498,no
BANK-02499,no
BANK-02500,no
BANK-02501,no
BANK-02502,no
BANK-02503,no
BANK-02504,no
BANK-02505,no
BANK-02506,no
BANK-02507,no
BANK-02508,no
BANK-02509,no
BANK-02510,no
BANK-02511,no
BANK-02512,no
BANK-02513,no
BANK-02514,no
BANK-02515,no
BANK-02516,no
BANK-02517,no
BANK-02518,no
BANK-02519,no
BANK-02520,no
BANK-02521,no
BANK-02522,no
BANK-02523,no
BANK-02524,no
BANK-02525,no
BANK-02526,no
BANK-02527,yes
BANK-02528,no
BANK-02529,no
BANK-02530,no
BANK-02531,no
BANK-02532,no
BANK-02533,no
BANK-02534,no
BANK-02535,no
BANK-02536,no
BANK-02537,no
BANK-02538,no
BANK-02539,no
BANK-02540,no
BANK-02541,no
BANK-02542,no
BANK-02543,no
BANK-02544,no
BANK-02545,no
BANK-02546,no
BANK-02547,no
BANK-02548,no
BANK-02549,no
BANK-02550,no
BANK-02551,no
BANK-02552,no
BANK-02553,no
BANK-02554,no
BANK-02555,no
BANK-02556,no
BANK-02557,no
BANK-02558,no
BANK-02559,no
BANK-02560,no
BANK-02561,no
BANK-02562,no
BANK-02563,no
BANK-02564,no
BANK-02565,no
BANK-02566,yes
BANK-02567,no
BANK-02568,no
BANK-02569,no
BANK-02570,no
BANK-02571,no
BANK-02572,no
BANK-02573,no
BANK-02574,no
BANK-02575,no
BANK-02576,no
BANK-02577,yes
BANK-02578,no
BANK-02579,no
BANK-02580,no
BANK-02581,no
BANK-02582,no
BANK-02583,no
BANK-02584,no
BANK-02585,no
BANK-02586,no
BANK-02587,no
BANK-02588,no
BANK-02589,no
BANK-02590,no
BANK-02591,no
BANK-02592,no
BANK-02593,no
BANK-02594,no
BANK-02595,no
BANK-02596,no
BANK-02597,no
BANK-02598,no
BANK-02599,no
BANK-02600,no
BANK-02601,no
BANK-02602,no
BANK-02603,no
BANK-02604,no
BANK-02605,no
BANK-02606,no
BANK-02607,no
BANK-02608,no
BANK-02609,no
BANK-02610,no
BANK-02611,no
BANK-02612,no
BANK-02613,no
BANK-02614,no
BANK-02615,no
BANK-02616,no
BANK-02617,no
BANK-02618,no
BANK-02619,no
BANK-02620,no
BANK-02621,yes
BANK-02622,no
BANK-02623,no
BANK-02624,no
BANK-02625,no
BANK-02626,yes
BANK-02627,no
BANK-02628,no
BANK-02629,no
BANK-02630,yes
BANK-02631,no
BANK-02632,no
BANK-02633,no
BANK-02634,no
BANK-02635,no
BANK-02636,no
BANK-02637,no
BANK-02638,no
BANK-02639,no
BANK-02640,no
BANK-02641,no
BANK-02642,no
BANK-02643,no
BANK-02644,no
BANK-02645,no
BANK-02646,no
BANK-02647,no
BANK-02648,no
BANK-02649,no
BANK-02650,no
BANK-02651,yes
BANK-02652,no
BANK-02653,yes
BANK-02654,no
BANK-02655,no
BANK-02656,no
BANK-02657,no
BANK-02658,no
BANK-02659,no
BANK-02660,no
BANK-02661,no
BANK-02662,no
BANK-02663,no
BANK-02664,no
BANK-02665,yes
BANK-02666,yes
BANK-02667,no
BANK-02668,no
BANK-02669,no
BANK-02670,no
BANK-02671,no
BANK-02672,no
BANK-02673,no
BANK-02674,no
BANK-02675,no
BANK-02676,no
BANK-02677,no
BANK-02678,no
BANK-02679,no
BANK-02680,no
BANK-02681,no
BANK-02682,no
BANK-02683,no
BANK-02684,no
BANK-02685,no
BANK-02686,no
BANK-02687,no
BANK-02688,no
BANK-02689,no
BANK-02690,no
BANK-02691,no
BANK-02692,no
BANK-02693,no
BANK-02694,no
BANK-02695,no
BANK-02696,no
BANK-02697,no
BANK-02698,no
BANK-02699,yes
BANK-02700,no
BANK-02701,no
BANK-02702,no
BANK-02703,no
BANK-02704,no
BANK-02705,no
BANK-02706,no
BANK-02707,no
BANK-02708,no
BANK-02709,no
BANK-02710,no
BANK-02711,no
BANK-02712,no
BANK-02713,no
BANK-02714,no
BANK-02715,yes
BANK-02716,no
BANK-02717,no
BANK-02718,no
BANK-02719,no
BANK-02720,no
BANK-02721,no
BANK-02722,no
BANK-02723,no
BANK-02724,no
BANK-02725,no
BANK-02726,no
BANK-02727,no
BANK-02728,no
BANK-02729,no
BANK-02730,no
BANK-02731,no
BANK-02732,no
BANK-02733,no
BANK-02734,no
BANK-02735,no
BANK-02736,no
BANK-02737,no
BANK-02738,no
BANK-02739,no
BANK-02740,no
BANK-02741,no
BANK-02742,no
BANK-02743,no
BANK-02744,no
BANK-02745,no
BANK-02746,no
BANK-02747,no
BANK-02748,no
BANK-02749,no
BANK-02750,no
BANK-02751,no
BANK-02752,no
BANK-02753,no
BANK-02754,no
BANK-02755,no
BANK-02756,no
BANK-02757,no
BANK-02758,no
BANK-02759,no
BANK-02760,no
BANK-02761,no
BANK-02762,no
BANK-02763,no
BANK-02764,no
BANK-02765,no
BANK-02766,no
BANK-02767,no
BANK-02768,no
BANK-02769,no
BANK-02770,no
BANK-02771,no
BANK-02772,yes
BANK-02773,yes
BANK-02774,no
BANK-02775,no
BANK-02776,no
BANK-02777,no
BANK-02778,no
BANK-02779,no
BANK-02780,no
BANK-02781,no
BANK-02782,no
BANK-02783,no
BANK-02784,yes
BANK-02785,no
BANK-02786,no
BANK-02787,no
BANK-02788,no
BANK-02789,no
BANK-02790,no
BANK-02791,no
BANK-02792,no
BANK-02793,no
BANK-02794,no
BANK-02795,no
BANK-02796,yes
BANK-02797,no
BANK-02798,no
BANK-02799,no
BANK-02800,no
BANK-02801,no
BANK-02802,no
BANK-02803,no
BANK-02804,no
BANK-02805,no
BANK-02806,no
BANK-02807,no
BANK-02808,no
BANK-02809,no
BANK-02810,yes
BANK-02811,no
BANK-02812,no
BANK-02813,no
BANK-02814,no
BANK-02815,no
BANK-02816,no
BANK-02817,no
BANK-02818,no
BANK-02819,no
BANK-02820,no
BANK-02821,no
BANK-02822,no
BANK-02823,no
BANK-02824,no
BANK-02825,no
BANK-02826,no
BANK-02827,yes
BANK-02828,no
BANK-02829,no
BANK-02830,no
BANK-02831,no
BANK-02832,yes
BANK-02833,no
BANK-02834,no
BANK-02835,no
BANK-02836,no
BANK-02837,no
BANK-02838,no
BANK-02839,no
BANK-02840,no
BANK-02841,no
BANK-02842,no
BANK-02843,no
BANK-02844,no
BANK-02845,no
BANK-02846,no
BANK-02847,no
BANK-02848,no
BANK-02849,no
BANK-02850,no
BANK-02851,no
BANK-02852,no
BANK-02853,no
BANK-02854,no
BANK-02855,no
BANK-02856,no
BANK-02857,no
BANK-02858,no
BANK-02859,no
BANK-02860,no
BANK-02861,no
BANK-02862,no
BANK-02863,no
BANK-02864,no
BANK-02865,no
BANK-02866,no
BANK-02867,no
BANK-02868,no
BANK-02869,no
BANK-02870,no
BANK-02871,no
BANK-02872,no
BANK-02873,no
BANK-02874,no
BANK-02875,no
BANK-02876,no
BANK-02877,no
BANK-02878,no
BANK-02879,no
BANK-02880,no
BANK-02881,no
BANK-02882,no
BANK-02883,no
BANK-02884,no
BANK-02885,no
BANK-02886,no
BANK-02887,no
BANK-02888,no
BANK-02889,no
BANK-02890,yes
BANK-02891,no
BANK-02892,no
BANK-02893,no
BANK-02894,no
BANK-02895,no
BANK-02896,no
BANK-02897,no
BANK-02898,no
BANK-02899,no
BANK-02900,no
BANK-02901,no
BANK-02902,no
BANK-02903,yes
BANK-02904,no
BANK-02905,no
BANK-02906,yes
BANK-02907,no
BANK-02908,no
BANK-02909,no
BANK-02910,no
BANK-02911,no
BANK-02912,no
BANK-02913,no
BANK-02914,no
BANK-02915,no
BANK-02916,no
BANK-02917,no
BANK-02918,no
BANK-02919,no
BANK-02920,no
BANK-02921,no
BANK-02922,no
BANK-02923,no
BANK-02924,no
BANK-02925,no
BANK-02926,no
BANK-02927,no
BANK-02928,no
BANK-02929,no
BANK-02930,no
BANK-02931,no
BANK-02932,no
BANK-02933,no
BANK-02934,no
BANK-02935,no
BANK-02936,yes
BANK-02937,no
BANK-02938,no
BANK-02939,no
BANK-02940,no
BANK-02941,no
BANK-02942,no
BANK-02943,no
BANK-02944,no
BANK-02945,no
BANK-02946,no
BANK-02947,no
BANK-02948,no
BANK-02949,no
BANK-02950,no
BANK-02951,no
BANK-02952,no
BANK-02953,no
BANK-02954,no
BANK-02955,no
BANK-02956,yes
BANK-02957,no
BANK-02958,no
BANK-02959,no
BANK-02960,no
BANK-02961,no
BANK-02962,no
BANK-02963,no
BANK-02964,no
BANK-02965,no
BANK-02966,no
BANK-02967,no
BANK-02968,no
BANK-02969,no
BANK-02970,no
BANK-02971,no
BANK-02972,no
BANK-02973,no
BANK-02974,yes
BANK-02975,no
BANK-02976,no
BANK-02977,no
BANK-02978,no
BANK-02979,no
BANK-02980,no
BANK-02981,no
BANK-02982,no
BANK-02983,no
BANK-02984,no
BANK-02985,no
BANK-02986,no
BANK-02987,no
BANK-02988,no
BANK-02989,no
BANK-02990,no
BANK-02991,no
BANK-02992,no
BANK-02993,no
BANK-02994,no
BANK-02995,yes
BANK-02996,yes
BANK-02997,yes
BANK-02998,no
BANK-02999,no
BANK-03000,no
BANK-03001,no
BANK-03002,no
BANK-03003,no
BANK-03004,no
BANK-03005,no
BANK-03006,no
BANK-03007,no
BANK-03008,no
BANK-03009,no
BANK-03010,no
BANK-03011,yes
BANK-03012,no
BANK-03013,no
BANK-03014,no
BANK-03015,no
BANK-03016,no
BANK-03017,no
BANK-03018,no
BANK-03019,no
BANK-03020,no
BANK-03021,no
BANK-03022,yes
BANK-03023,no
BANK-03024,no
BANK-03025,no
BANK-03026,no
BANK-03027,no
BANK-03028,no
BANK-03029,no
BANK-03030,no
BANK-03031,yes
BANK-03032,no
BANK-03033,no
BANK-03034,no
BANK-03035,no
BANK-03036,no
BANK-03037,no
BANK-03038,no
BANK-03039,no
BANK-03040,no
BANK-03041,no
BANK-03042,no
BANK-03043,no
BANK-03044,no
BANK-03045,no
BANK-03046,no
BANK-03047,no
BANK-03048,no
BANK-03049,no
BANK-03050,no
BANK-03051,no
BANK-03052,no
BANK-03053,no
BANK-03054,no
BANK-03055,no
BANK-03056,no
BANK-03057,no
BANK-03058,no
BANK-03059,no
BANK-03060,no
BANK-03061,no
BANK-03062,no
BANK-03063,no
BANK-03064,no
BANK-03065,no
BANK-03066,yes
BANK-03067,no
BANK-03068,no
BANK-03069,no
BANK-03070,no
BANK-03071,no
BANK-03072,no
BANK-03073,no
BANK-03074,no
BANK-03075,no
BANK-03076,no
BANK-03077,no
BANK-03078,no
BANK-03079,no
BANK-03080,no
BANK-03081,no
BANK-03082,no
BANK-03083,no
BANK-03084,no
BANK-03085,yes
BANK-03086,no
BANK-03087,yes
BANK-03088,no
BANK-03089,no
BANK-03090,no
BANK-03091,no
BANK-03092,no
BANK-03093,no
BANK-03094,no
BANK-03095,no
BANK-03096,no
BANK-03097,no
BANK-03098,no
BANK-03099,no
BANK-03100,no
BANK-03101,no
BANK-03102,no
BANK-03103,no
BANK-03104,no
BANK-03105,no
BANK-03106,no
BANK-03107,no
BANK-03108,no
BANK-03109,no
BANK-03110,no
BANK-03111,no
BANK-03112,no
BANK-03113,no
BANK-03114,no
BANK-03115,no
BANK-03116,no
BANK-03117,no
BANK-03118,no
BANK-03119,no
BANK-03120,no
BANK-03121,no
BANK-03122,no
BANK-03123,no
BANK-03124,no
BANK-03125,no
BANK-03126,no
BANK-03127,no
BANK-03128,no
BANK-03129,no
BANK-03130,no
BANK-03131,no
BANK-03132,no
BANK-03133,no
BANK-03134,no
BANK-03135,no
BANK-03136,no
BANK-03137,no
BANK-03138,no
BANK-03139,no
BANK-03140,no
BANK-03141,no
BANK-03142,no
BANK-03143,no
BANK-03144,no
BANK-03145,no
BANK-03146,no
BANK-03147,no
BANK-03148,no
BANK-03149,no
BANK-03150,no
BANK-03151,no
BANK-03152,no
BANK-03153,no
BANK-03154,yes
BANK-03155,no
BANK-03156,no
BANK-03157,no
BANK-03158,no
BANK-03159,no
BANK-03160,no
BANK-03161,no
BANK-03162,no
BANK-03163,no
BANK-03164,no
BANK-03165,no
BANK-03166,no
BANK-03167,no
BANK-03168,no
BANK-03169,no
BANK-03170,no
BANK-03171,no
BANK-03172,no
BANK-03173,no
BANK-03174,yes
BANK-03175,no
BANK-03176,yes
BANK-03177,no
BANK-03178,no
BANK-03179,no
BANK-03180,no
BANK-03181,no
BANK-03182,no
BANK-03183,no
BANK-03184,no
BANK-03185,no
BANK-03186,no
BANK-03187,yes
BANK-03188,no
BANK-03189,no
BANK-03190,no
BANK-03191,no
BANK-03192,no
BANK-03193,no
BANK-03194,no
BANK-03195,no
BANK-03196,no
BANK-03197,no
BANK-03198,no
BANK-03199,no
BANK-03200,no
BANK-03201,no
BANK-03202,no
BANK-03203,no
BANK-03204,no
BANK-03205,yes
BANK-03206,no
BANK-03207,no
BANK-03208,no
BANK-03209,no
BANK-03210,no
BANK-03211,no
BANK-03212,no
BANK-03213,no
BANK-03214,no
BANK-03215,no
BANK-03216,no
BANK-03217,no
BANK-03218,no
BANK-03219,no
BANK-03220,no
BANK-03221,no
BANK-03222,no
BANK-03223,no
BANK-03224,no
BANK-03225,no
BANK-03226,yes
BANK-03227,no
BANK-03228,no
BANK-03229,no
BANK-03230,no
BANK-03231,no
BANK-03232,no
BANK-03233,no
BANK-03234,no
BANK-03235,no
BANK-03236,no
BANK-03237,no
BANK-03238,no
BANK-03239,no
BANK-03240,yes
BANK-03241,no
BANK-03242,no
BANK-03243,yes
BANK-03244,no
BANK-03245,no
BANK-03246,no
BANK-03247,yes
BANK-03248,no
BANK-03249,no
BANK-03250,no
BANK-03251,no
BANK-03252,no
BANK-03253,no
BANK-03254,no
BANK-03255,no
BANK-03256,no
BANK-03257,no
BANK-03258,no
BANK-03259,yes
BANK-03260,no
BANK-03261,no
BANK-03262,no
BANK-03263,no
BANK-03264,no
BANK-03265,no
BANK-03266,yes
BANK-03267,no
BANK-03268,no
BANK-03269,no
BANK-03270,no
BANK-03271,yes
BANK-03272,no
BANK-03273,no
BANK-03274,no
BANK-03275,no
BANK-03276,no
BANK-03277,no
BANK-03278,no
BANK-03279,no
BANK-03280,no
BANK-03281,no
BANK-03282,no
BANK-03283,no
BANK-03284,no
BANK-03285,no
BANK-03286,yes
BANK-03287,no
BANK-03288,no
BANK-03289,no
BANK-03290,no
BANK-03291,no
BANK-03292,no
BANK-03293,yes
BANK-03294,no
BANK-03295,no
BANK-03296,no
BANK-03297,no
BANK-03298,no
BANK-03299,no
BANK-03300,no
BANK-03301,no
BANK-03302,no
BANK-03303,no
BANK-03304,no
BANK-03305,no
BANK-03306,no
BANK-03307,no
BANK-03308,no
BANK-03309,no
BANK-03310,no
BANK-03311,no
BANK-03312,no
BANK-03313,no
BANK-03314,no
BANK-03315,no
BANK-03316,no
BANK-03317,no
BANK-03318,no
BANK-03319,no
BANK-03320,no
BANK-03321,no
BANK-03322,no
BANK-03323,no
BANK-03324,no
BANK-03325,no
BANK-03326,no
BANK-03327,no
BANK-03328,no
BANK-03329,no
BANK-03330,no
BANK-03331,no
BANK-03332,no
BANK-03333,no
BANK-03334,yes
BANK-03335,no
BANK-03336,no
BANK-03337,no
BANK-03338,no
BANK-03339,no
BANK-03340,no
BANK-03341,no
BANK-03342,no
BANK-03343,no
BANK-03344,no
BANK-03345,no
BANK-03346,no
BANK-03347,yes
BANK-03348,no
BANK-03349,no
BANK-03350,no
BANK-03351,no
BANK-03352,no
BANK-03353,no
BANK-03354,no
BANK-03355,no
BANK-03356,no
BANK-03357,no
BANK-03358,no
BANK-03359,no
BANK-03360,no
BANK-03361,no
BANK-03362,yes
BANK-03363,no
BANK-03364,no
BANK-03365,no
BANK-03366,no
BANK-03367,no
BANK-03368,no
BANK-03369,no
BANK-03370,no
BANK-03371,no
BANK-03372,no
BANK-03373,no
BANK-03374,no
BANK-03375,no
BANK-03376,no
BANK-03377,yes
BANK-03378,no
BANK-03379,no
BANK-03380,no
BANK-03381,no
BANK-03382,no
BANK-03383,no
BANK-03384,no
BANK-03385,no
BANK-03386,no
BANK-03387,no
BANK-03388,no
BANK-03389,no
BANK-03390,no
BANK-03391,no
BANK-03392,no
BANK-03393,yes
BANK-03394,no
BANK-03395,no
BANK-03396,no
BANK-03397,no
BANK-03398,no
BANK-03399,yes
BANK-03400,no
BANK-03401,yes
BANK-03402,no
BANK-03403,no
BANK-03404,no
BANK-03405,no
BANK-03406,yes
BANK-03407,no
BANK-03408,no
BANK-03409,no
BANK-03410,no
BANK-03411,no
BANK-03412,no
BANK-03413,no
BANK-03414,no
BANK-03415,no
BANK-03416,yes
BANK-03417,no
BANK-03418,no
BANK-03419,no
BANK-03420,no
BANK-03421,no
BANK-03422,no
BANK-03423,no
BANK-03424,no
BANK-03425,no
BANK-03426,no
BANK-03427,no
BANK-03428,no
BANK-03429,no
BANK-03430,no
BANK-03431,no
BANK-03432,no
BANK-03433,no
BANK-03434,yes
BANK-03435,no
BANK-03436,no
BANK-03437,no
BANK-03438,no
BANK-03439,no
BANK-03440,no
BANK-03441,no
BANK-03442,no
BANK-03443,no
BANK-03444,no
BANK-03445,no
BANK-03446,no
BANK-03447,no
BANK-03448,yes
BANK-03449,no
BANK-03450,no
BANK-03451,no
BANK-03452,no
BANK-03453,no
BANK-03454,no
BANK-03455,no
BANK-03456,no
BANK-03457,no
BANK-03458,no
BANK-03459,no
BANK-03460,no
BANK-03461,yes
BANK-03462,no
BANK-03463,no
BANK-03464,no
BANK-03465,no
BANK-03466,no
BANK-03467,no
BANK-03468,no
BANK-03469,no
BANK-03470,no
BANK-03471,no
BANK-03472,no
BANK-03473,no
BANK-03474,no
BANK-03475,no
BANK-03476,no
BANK-03477,no
BANK-03478,no
BANK-03479,no
BANK-03480,no
BANK-03481,no
BANK-03482,no
BANK-03483,no
BANK-03484,no
BANK-03485,no
BANK-03486,no
BANK-03487,no
BANK-03488,no
BANK-03489,no
BANK-03490,no
BANK-03491,no
BANK-03492,no
BANK-03493,no
BANK-03494,no
BANK-03495,no
BANK-03496,no
BANK-03497,no
BANK-03498,no
BANK-03499,no
BANK-03500,no
BANK-03501,no
BANK-03502,yes
BANK-03503,no
BANK-03504,no
BANK-03505,yes
BANK-03506,no
BANK-03507,no
BANK-03508,no
BANK-03509,no
BANK-03510,no
BANK-03511,no
BANK-03512,yes
BANK-03513,no
BANK-03514,no
BANK-03515,no
BANK-03516,no
BANK-03517,no
BANK-03518,no
BANK-03519,no
BANK-03520,no
BANK-03521,no
BANK-03522,no
BANK-03523,no
BANK-03524,no
BANK-03525,yes
BANK-03526,no
BANK-03527,no
BANK-03528,no
BANK-03529,no
BANK-03530,yes
BANK-03531,no
BANK-03532,no
BANK-03533,no
BANK-03534,no
BANK-03535,no
BANK-03536,no
BANK-03537,no
BANK-03538,no
BANK-03539,no
BANK-03540,no
BANK-03541,no
BANK-03542,yes
BANK-03543,no
BANK-03544,no
BANK-03545,no
BANK-03546,no
BANK-03547,no
BANK-03548,no
BANK-03549,no
BANK-03550,no
BANK-03551,no
BANK-03552,yes
BANK-03553,no
BANK-03554,no
BANK-03555,no
BANK-03556,no
BANK-03557,no
BANK-03558,no
BANK-03559,no
BANK-03560,no
BANK-03561,no
BANK-03562,no
BANK-03563,no
BANK-03564,no
BANK-03565,no
BANK-03566,no
BANK-03567,no
BANK-03568,no
BANK-03569,no
BANK-03570,no
BANK-03571,no
BANK-03572,no
BANK-03573,no
BANK-03574,no
BANK-03575,no
BANK-03576,no
BANK-03577,no
BANK-03578,no
BANK-03579,yes
BANK-03580,no
BANK-03581,no
BANK-03582,no
BANK-03583,no
BANK-03584,no
BANK-03585,no
BANK-03586,no
BANK-03587,no
BANK-03588,no
BANK-03589,no
BANK-03590,no
BANK-03591,no
BANK-03592,no
BANK-03593,no
BANK-03594,no
BANK-03595,no
BANK-03596,no
BANK-03597,no
BANK-03598,no
BANK-03599,no
BANK-03600,no
BANK-03601,no
BANK-03602,no
BANK-03603,no
BANK-03604,no
BANK-03605,no
BANK-03606,no
BANK-03607,no
BANK-03608,no
BANK-03609,no
BANK-03610,no
BANK-03611,no
BANK-03612,no
BANK-03613,no
BANK-03614,no
BANK-03615,no
BANK-03616,no
BANK-03617,no
BANK-03618,no
BANK-03619,no
BANK-03620,no
BANK-03621,no
BANK-03622,no
BANK-03623,no
BANK-03624,yes
BANK-03625,no
BANK-03626,no
BANK-03627,no
BANK-03628,no
BANK-03629,yes
BANK-03630,yes
BANK-03631,no
BANK-03632,no
BANK-03633,no
BANK-03634,no
BANK-03635,yes
BANK-03636,no
BANK-03637,yes
BANK-03638,no
BANK-03639,no
BANK-03640,no
BANK-03641,no
BANK-03642,no
BANK-03643,no
BANK-03644,no
BANK-03645,no
BANK-03646,no
BANK-03647,no
BANK-03648,no
BANK-03649,no
BANK-03650,no
BANK-03651,no
BANK-03652,no
BANK-03653,no
BANK-03654,no
BANK-03655,no
BANK-03656,no
BANK-03657,no
BANK-03658,yes
BANK-03659,no
BANK-03660,no
BANK-03661,no
BANK-03662,no
BANK-03663,no
BANK-03664,yes
BANK-03665,no
BANK-03666,no
BANK-03667,no
BANK-03668,yes
BANK-03669,no
BANK-03670,no
BANK-03671,no
BANK-03672,no
BANK-03673,no
BANK-03674,no
BANK-03675,no
BANK-03676,no
BANK-03677,no
BANK-03678,yes
BANK-03679,no
BANK-03680,no
BANK-03681,no
BANK-03682,no
BANK-03683,no
BANK-03684,no
BANK-03685,no
BANK-03686,no
BANK-03687,no
BANK-03688,no
BANK-03689,no
BANK-03690,no
BANK-03691,no
BANK-03692,no
BANK-03693,no
BANK-03694,no
BANK-03695,no
BANK-03696,no
BANK-03697,no
BANK-03698,no
BANK-03699,no
BANK-03700,no
BANK-03701,no
BANK-03702,no
BANK-03703,no
BANK-03704,no
BANK-03705,no
BANK-03706,no
BANK-03707,no
BANK-03708,no
BANK-03709,no
BANK-03710,no
BANK-03711,no
BANK-03712,yes
BANK-03713,yes
BANK-03714,no
BANK-03715,no
BANK-03716,no
BANK-03717,no
BANK-03718,no
BANK-03719,no
BANK-03720,no
BANK-03721,no
BANK-03722,no
BANK-03723,no
BANK-03724,no
BANK-03725,no
BANK-03726,no
BANK-03727,no
BANK-03728,no
BANK-03729,no
BANK-03730,no
BANK-03731,no
BANK-03732,no
BANK-03733,no
BANK-03734,no
BANK-03735,no
BANK-03736,no
BANK-03737,no
BANK-03738,no
BANK-03739,no
BANK-03740,no
BANK-03741,no
BANK-03742,no
BANK-03743,no
BANK-03744,yes
BANK-03745,no
BANK-03746,no
BANK-03747,no
BANK-03748,no
BANK-03749,no
BANK-03750,no
BANK-03751,no
BANK-03752,no
BANK-03753,no
BANK-03754,no
BANK-03755,no
BANK-03756,no
BANK-03757,no
BANK-03758,no
BANK-03759,no
BANK-03760,no
BANK-03761,no
BANK-03762,no
BANK-03763,no
BANK-03764,no
BANK-03765,no
BANK-03766,no
BANK-03767,no
BANK-03768,no
BANK-03769,no
BANK-03770,no
BANK-03771,no
BANK-03772,no
BANK-03773,no
BANK-03774,no
BANK-03775,no
BANK-03776,no
BANK-03777,no
BANK-03778,yes
BANK-03779,no
BANK-03780,no
BANK-03781,no
BANK-03782,no
BANK-03783,no
BANK-03784,no
BANK-03785,no
BANK-03786,no
BANK-03787,no
BANK-03788,no
BANK-03789,no
BANK-03790,no
BANK-03791,no
BANK-03792,no
BANK-03793,no
BANK-03794,no
BANK-03795,no
BANK-03796,no
BANK-03797,no
BANK-03798,yes
BANK-03799,no
BANK-03800,no
BANK-03801,no
BANK-03802,no
BANK-03803,no
BANK-03804,no
BANK-03805,no
BANK-03806,no
BANK-03807,no
BANK-03808,yes
BANK-03809,no
BANK-03810,no
BANK-03811,no
BANK-03812,no
BANK-03813,no
BANK-03814,no
BANK-03815,no
BANK-03816,no
BANK-03817,no
BANK-03818,no
BANK-03819,no
BANK-03820,no
BANK-03821,no
BANK-03822,yes
BANK-03823,no
BANK-03824,no
BANK-03825,no
BANK-03826,no
BANK-03827,no
BANK-03828,no
BANK-03829,no
BANK-03830,no
BANK-03831,no
BANK-03832,no
BANK-03833,no
BANK-03834,no
BANK-03835,no
BANK-03836,no
BANK-03837,no
BANK-03838,no
BANK-03839,no
BANK-03840,no
BANK-03841,no
BANK-03842,no
BANK-03843,no
BANK-03844,no
BANK-03845,no
BANK-03846,no
BANK-03847,no
BANK-03848,no
BANK-03849,no
BANK-03850,no
BANK-03851,no
BANK-03852,no
BANK-03853,no
BANK-03854,no
BANK-03855,no
BANK-03856,no
BANK-03857,no
BANK-03858,no
BANK-03859,no
BANK-03860,no
BANK-03861,no
BANK-03862,no
BANK-03863,no
BANK-03864,no
BANK-03865,no
BANK-03866,no
BANK-03867,no
BANK-03868,yes
BANK-03869,no
BANK-03870,no
BANK-03871,no
BANK-03872,no
BANK-03873,no
BANK-03874,no
BANK-03875,no
BANK-03876,no
BANK-03877,no
BANK-03878,no
BANK-03879,no
BANK-03880,no
BANK-03881,no
BANK-03882,no
BANK-03883,no
BANK-03884,no
BANK-03885,no
BANK-03886,no
BANK-03887,yes
BANK-03888,no
BANK-03889,no
BANK-03890,no
BANK-03891,no
BANK-03892,no
BANK-03893,no
BANK-03894,no
BANK-03895,no
BANK-03896,no
BANK-03897,no
BANK-03898,no
BANK-03899,no
BANK-03900,no
BANK-03901,no
BANK-03902,no
BANK-03903,no
BANK-03904,no
BANK-03905,no
BANK-03906,no
BANK-03907,no
BANK-03908,no
BANK-03909,no
BANK-03910,no
BANK-03911,no
BANK-03912,no
BANK-03913,no
BANK-03914,no
BANK-03915,no
BANK-03916,no
BANK-03917,yes
BANK-03918,no
BANK-03919,no
BANK-03920,no
BANK-03921,no
BANK-03922,no
BANK-03923,no
BANK-03924,no
BANK-03925,no
BANK-03926,yes
BANK-03927,yes
BANK-03928,no
BANK-03929,no
BANK-03930,no
BANK-03931,no
BANK-03932,no
BANK-03933,no
BANK-03934,no
BANK-03935,no
BANK-03936,no
BANK-03937,no
BANK-03938,no
BANK-03939,yes
BANK-03940,no
BANK-03941,no
BANK-03942,no
BANK-03943,no
BANK-03944,yes
BANK-03945,no
BANK-03946,no
BANK-03947,no
BANK-03948,no
BANK-03949,no
BANK-03950,no
BANK-03951,no
BANK-03952,no
BANK-03953,no
BANK-03954,no
BANK-03955,no
BANK-03956,no
BANK-03957,no
BANK-03958,no
BANK-03959,no
BANK-03960,no
BANK-03961,no
BANK-03962,no
BANK-03963,no
BANK-03964,no
BANK-03965,no
BANK-03966,no
BANK-03967,no
BANK-03968,no
BANK-03969,no
BANK-03970,no
BANK-03971,no
BANK-03972,no
BANK-03973,no
BANK-03974,no
BANK-03975,no
BANK-03976,yes
BANK-03977,no
BANK-03978,no
BANK-03979,no
BANK-03980,no
BANK-03981,no
BANK-03982,no
BANK-03983,no
BANK-03984,no
BANK-03985,no
BANK-03986,no
BANK-03987,no
BANK-03988,no
BANK-03989,no
BANK-03990,no
BANK-03991,no
BANK-03992,yes
BANK-03993,no
BANK-03994,no
BANK-03995,no
BANK-03996,no
BANK-03997,no
BANK-03998,no
BANK-03999,no
BANK-04000,no
BANK-04001,no
BANK-04002,no
BANK-04003,no
BANK-04004,no
BANK-04005,no
BANK-04006,no
BANK-04007,no
BANK-04008,no
BANK-04009,no
BANK-04010,no
BANK-04011,no
BANK-04012,yes
BANK-04013,yes
BANK-04014,no
BANK-04015,no
BANK-04016,no
BANK-04017,no
BANK-04018,no
BANK-04019,no
BANK-04020,no
BANK-04021,no
BANK-04022,no
BANK-04023,no
BANK-04024,no
BANK-04025,no
BANK-04026,no
BANK-04027,no
BANK-04028,no
BANK-04029,no
BANK-04030,yes
BANK-04031,no
BANK-04032,no
BANK-04033,yes
BANK-04034,no
BANK-04035,yes
BANK-04036,no
BANK-04037,no
BANK-04038,no
BANK-04039,no
BANK-04040,no
BANK-04041,no
BANK-04042,no
BANK-04043,no
BANK-04044,no
BANK-04045,no
BANK-04046,no
BANK-04047,no
BANK-04048,no
BANK-04049,no
BANK-04050,no
BANK-04051,no
BANK-04052,no
BANK-04053,no
BANK-04054,no
BANK-04055,no
BANK-04056,no
BANK-04057,no
BANK-04058,no
BANK-04059,no
BANK-04060,no
BANK-04061,no
BANK-04062,no
BANK-04063,no
BANK-04064,no
BANK-04065,no
BANK-04066,no
BANK-04067,no
BANK-04068,no
BANK-04069,no
BANK-04070,no
BANK-04071,no
BANK-04072,no
BANK-04073,no
BANK-04074,no
BANK-04075,no
BANK-04076,no
BANK-04077,no
BANK-04078,no
BANK-04079,no
BANK-04080,no
BANK-04081,no
BANK-04082,no
BANK-04083,no
BANK-04084,no
BANK-04085,no
BANK-04086,no
BANK-04087,no
BANK-04088,no
BANK-04089,no
BANK-04090,no
BANK-04091,no
BANK-04092,no
BANK-04093,no
BANK-04094,no
BANK-04095,no
BANK-04096,no
BANK-04097,no
BANK-04098,no
BANK-04099,no
BANK-04100,no
BANK-04101,no
BANK-04102,no
BANK-04103,no
BANK-04104,no
BANK-04105,no
BANK-04106,no
BANK-04107,no
BANK-04108,no
BANK-04109,no
BANK-04110,no
BANK-04111,no
BANK-04112,no
BANK-04113,no
BANK-04114,no
BANK-04115,no
BANK-04116,no
BANK-04117,no
BANK-04118,no
BANK-04119,no
BANK-04120,no
BANK-04121,no
BANK-04122,no
BANK-04123,no
BANK-04124,no
BANK-04125,no
BANK-04126,no
BANK-04127,no
BANK-04128,no
BANK-04129,no
BANK-04130,no
BANK-04131,no
BANK-04132,no
BANK-04133,yes
BANK-04134,no
BANK-04135,no
BANK-04136,no
BANK-04137,no
BANK-04138,no
BANK-04139,no
BANK-04140,no
BANK-04141,no
BANK-04142,no
BANK-04143,no
BANK-04144,no
BANK-04145,yes
BANK-04146,no
BANK-04147,no
BANK-04148,yes
BANK-04149,no
BANK-04150,no
BANK-04151,no
BANK-04152,no
BANK-04153,no
BANK-04154,no
BANK-04155,no
BANK-04156,no
BANK-04157,no
BANK-04158,no
BANK-04159,no
BANK-04160,no
BANK-04161,no
BANK-04162,no
BANK-04163,no
BANK-04164,yes
BANK-04165,no
BANK-04166,no
BANK-04167,no
BANK-04168,no
BANK-04169,no
BANK-04170,no
BANK-04171,yes
BANK-04172,no
BANK-04173,no
BANK-04174,no
BANK-04175,no
BANK-04176,no
BANK-04177,no
BANK-04178,no
BANK-04179,no
BANK-04180,no
BANK-04181,no
BANK-04182,no
BANK-04183,no
BANK-04184,no
BANK-04185,no
BANK-04186,no
BANK-04187,no
BANK-04188,no
BANK-04189,yes
BANK-04190,no
BANK-04191,no
BANK-04192,no
BANK-04193,no
BANK-04194,no
BANK-04195,no
BANK-04196,no
BANK-04197,no
BANK-04198,no
BANK-04199,no
BANK-04200,no
BANK-04201,no
BANK-04202,no
BANK-04203,no
BANK-04204,yes
BANK-04205,no
BANK-04206,no
BANK-04207,no
BANK-04208,no
BANK-04209,no
BANK-04210,no
BANK-04211,no
BANK-04212,no
BANK-04213,no
BANK-04214,no
BANK-04215,yes
BANK-04216,no
BANK-04217,no
BANK-04218,no
BANK-04219,no
BANK-04220,no
BANK-04221,no
BANK-04222,no
BANK-04223,no
BANK-04224,yes
BANK-04225,no
BANK-04226,no
BANK-04227,no
BANK-04228,no
BANK-04229,no
BANK-04230,no
BANK-04231,no
BANK-04232,no
BANK-04233,no
BANK-04234,no
BANK-04235,no
BANK-04236,no
BANK-04237,yes
BANK-04238,no
BANK-04239,no
BANK-04240,no
BANK-04241,no
BANK-04242,no
BANK-04243,no
BANK-04244,no
BANK-04245,no
BANK-04246,no
BANK-04247,no
BANK-04248,no
BANK-04249,no
BANK-04250,no
BANK-04251,no
BANK-04252,no
BANK-04253,no
BANK-04254,yes
BANK-04255,no
BANK-04256,no
BANK-04257,no
BANK-04258,no
BANK-04259,no
BANK-04260,no
BANK-04261,no
BANK-04262,no
BANK-04263,no
BANK-04264,no
BANK-04265,no
BANK-04266,no
BANK-04267,no
BANK-04268,no
BANK-04269,no
BANK-04270,no
BANK-04271,no
BANK-04272,no
BANK-04273,no
BANK-04274,no
BANK-04275,no
BANK-04276,no
BANK-04277,no
BANK-04278,no
BANK-04279,no
BANK-04280,yes
BANK-04281,no
BANK-04282,no
BANK-04283,no
BANK-04284,yes
BANK-04285,no
BANK-04286,no
BANK-04287,no
BANK-04288,no
BANK-04289,no
BANK-04290,no
BANK-04291,no
BANK-04292,no
BANK-04293,no
BANK-04294,no
BANK-04295,no
BANK-04296,no
BANK-04297,no
BANK-04298,no
BANK-04299,no
BANK-04300,no
BANK-04301,no
BANK-04302,no
BANK-04303,no
BANK-04304,no
BANK-04305,no
BANK-04306,no
BANK-04307,no
BANK-04308,no
BANK-04309,no
BANK-04310,no
BANK-04311,no
BANK-04312,yes
BANK-04313,no
BANK-04314,no
BANK-04315,no
BANK-04316,no
BANK-04317,no
BANK-04318,no
BANK-04319,no
BANK-04320,no
BANK-04321,no
BANK-04322,no
BANK-04323,no
BANK-04324,no
BANK-04325,no
BANK-04326,no
BANK-04327,no
BANK-04328,no
BANK-04329,no
BANK-04330,no
BANK-04331,no
BANK-04332,no
BANK-04333,no
BANK-04334,no
BANK-04335,no
BANK-04336,no
BANK-04337,no
BANK-04338,no
BANK-04339,no
BANK-04340,no
BANK-04341,no
BANK-04342,yes
BANK-04343,no
BANK-04344,no
BANK-04345,no
BANK-04346,no
BANK-04347,no
BANK-04348,no
BANK-04349,no
BANK-04350,no
BANK-04351,no
BANK-04352,no
BANK-04353,no
BANK-04354,no
BANK-04355,no
BANK-04356,no
BANK-04357,no
BANK-04358,no
BANK-04359,no
BANK-04360,no
BANK-04361,no
BANK-04362,no
BANK-04363,no
BANK-04364,yes
BANK-04365,yes
BANK-04366,no
BANK-04367,no
BANK-04368,no
BANK-04369,no
BANK-04370,no
BANK-04371,no
BANK-04372,no
BANK-04373,no
BANK-04374,no
BANK-04375,no
BANK-04376,no
BANK-04377,no
BANK-04378,no
BANK-04379,no
BANK-04380,yes
BANK-04381,no
BANK-04382,no
BANK-04383,no
BANK-04384,no
BANK-04385,no
BANK-04386,no
BANK-04387,no
BANK-04388,no
BANK-04389,no
BANK-04390,no
BANK-04391,no
BANK-04392,no
BANK-04393,no
BANK-04394,no
BANK-04395,no
BANK-04396,no
BANK-04397,no
BANK-04398,no
BANK-04399,no
BANK-04400,no
BANK-04401,no
BANK-04402,no
BANK-04403,no
BANK-04404,no
BANK-04405,no
BANK-04406,no
BANK-04407,no
BANK-04408,no
BANK-04409,no
BANK-04410,no
BANK-04411,no
BANK-04412,no
BANK-04413,no
BANK-04414,no
BANK-04415,no
BANK-04416,no
BANK-04417,no
BANK-04418,no
BANK-04419,no
BANK-04420,no
BANK-04421,no
BANK-04422,no
BANK-04423,no
BANK-04424,no
BANK-04425,no
BANK-04426,no
BANK-04427,no
BANK-04428,no
BANK-04429,no
BANK-04430,no
BANK-04431,no
BANK-04432,no
BANK-04433,no
BANK-04434,no
BANK-04435,no
BANK-04436,no
BANK-04437,no
BANK-04438,no
BANK-04439,no
BANK-04440,no
BANK-04441,yes
BANK-04442,no
BANK-04443,no
BANK-04444,no
BANK-04445,no
BANK-04446,no
BANK-04447,no
BANK-04448,yes
BANK-04449,no
BANK-04450,no
BANK-04451,no
BANK-04452,no
BANK-04453,no
BANK-04454,no
BANK-04455,no
BANK-04456,no
BANK-04457,no
BANK-04458,no
BANK-04459,no
BANK-04460,no
BANK-04461,no
BANK-04462,no
BANK-04463,no
BANK-04464,no
BANK-04465,no
BANK-04466,no
BANK-04467,no
BANK-04468,no
BANK-04469,no
BANK-04470,no
BANK-04471,no
BANK-04472,no
BANK-04473,no
BANK-04474,no
BANK-04475,no
BANK-04476,yes
BANK-04477,no
BANK-04478,no
BANK-04479,no
BANK-04480,no
BANK-04481,no
BANK-04482,no
BANK-04483,no
BANK-04484,no
BANK-04485,no
BANK-04486,no
BANK-04487,no
BANK-04488,no
BANK-04489,no
BANK-04490,no
BANK-04491,no
BANK-04492,no
BANK-04493,no
BANK-04494,no
BANK-04495,no
BANK-04496,no
BANK-04497,yes
BANK-04498,no
BANK-04499,no
BANK-04500,yes
BANK-04501,no
BANK-04502,no
BANK-04503,no
BANK-04504,no
BANK-04505,no
BANK-04506,no
BANK-04507,no
BANK-04508,no
BANK-04509,no
BANK-04510,no
BANK-04511,no
BANK-04512,no
BANK-04513,no
BANK-04514,yes
BANK-04515,no
BANK-04516,no
BANK-04517,no
BANK-04518,no
BANK-04519,no
BANK-04520,no
BANK-04521,no
BANK-04522,no
BANK-04523,no
BANK-04524,no
BANK-04525,no
BANK-04526,no
BANK-04527,no
BANK-04528,no
BANK-04529,no
BANK-04530,no
BANK-04531,yes
BANK-04532,no
BANK-04533,no
BANK-04534,no
BANK-04535,no
BANK-04536,no
BANK-04537,no
BANK-04538,no
BANK-04539,no
BANK-04540,no
BANK-04541,no
BANK-04542,no
BANK-04543,no
BANK-04544,no
BANK-04545,no
BANK-04546,no
BANK-04547,no
BANK-04548,no
BANK-04549,no
BANK-04550,no
BANK-04551,no
BANK-04552,yes
BANK-04553,no
BANK-04554,no
BANK-04555,no
BANK-04556,no
BANK-04557,no
BANK-04558,no
BANK-04559,no
BANK-04560,no
BANK-04561,no
BANK-04562,yes
BANK-04563,no
BANK-04564,no
BANK-04565,no
BANK-04566,no
BANK-04567,no
BANK-04568,no
BANK-04569,no
BANK-04570,no
BANK-04571,no
BANK-04572,no
BANK-04573,no
BANK-04574,no
BANK-04575,no
BANK-04576,no
BANK-04577,no
BANK-04578,no
BANK-04579,no
BANK-04580,no
BANK-04581,no
BANK-04582,no
BANK-04583,no
BANK-04584,no
BANK-04585,no
BANK-04586,no
BANK-04587,no
BANK-04588,yes
BANK-04589,no
BANK-04590,no
BANK-04591,no
BANK-04592,no
BANK-04593,no
BANK-04594,no
BANK-04595,no
BANK-04596,no
BANK-04597,no
BANK-04598,no
BANK-04599,no
BANK-04600,no
BANK-04601,yes
BANK-04602,no
BANK-04603,no
BANK-04604,no
BANK-04605,no
BANK-04606,no
BANK-04607,no
BANK-04608,no
BANK-04609,no
BANK-04610,yes
BANK-04611,no
BANK-04612,no
BANK-04613,no
BANK-04614,no
BANK-04615,no
BANK-04616,no
BANK-04617,no
BANK-04618,no
BANK-04619,no
BANK-04620,no
BANK-04621,no
BANK-04622,no
BANK-04623,no
BANK-04624,no
BANK-04625,no
BANK-04626,no
BANK-04627,no
BANK-04628,no
BANK-04629,no
BANK-04630,no
BANK-04631,no
BANK-04632,no
BANK-04633,no
BANK-04634,no
BANK-04635,no
BANK-04636,no
BANK-04637,no
BANK-04638,no
BANK-04639,no
BANK-04640,no
BANK-04641,no
BANK-04642,no
BANK-04643,no
BANK-04644,no
BANK-04645,no
BANK-04646,no
BANK-04647,no
BANK-04648,no
BANK-04649,no
BANK-04650,no
BANK-04651,no
BANK-04652,no
BANK-04653,no
BANK-04654,no
BANK-04655,no
BANK-04656,no
BANK-04657,no
BANK-04658,no
BANK-04659,no
BANK-04660,no
BANK-04661,no
BANK-04662,no
BANK-04663,no
BANK-04664,no
BANK-04665,no
BANK-04666,no
BANK-04667,no
BANK-04668,no
BANK-04669,no
BANK-04670,no
BANK-04671,no
BANK-04672,no
BANK-04673,no
BANK-04674,no
BANK-04675,no
BANK-04676,no
BANK-04677,no
BANK-04678,no
BANK-04679,no
BANK-04680,no
BANK-04681,no
BANK-04682,no
BANK-04683,no
BANK-04684,no
BANK-04685,no
BANK-04686,no
BANK-04687,no
BANK-04688,no
BANK-04689,no
BANK-04690,no
BANK-04691,no
BANK-04692,no
BANK-04693,no
BANK-04694,no
BANK-04695,no
BANK-04696,no
BANK-04697,no
BANK-04698,no
BANK-04699,no
BANK-04700,no
BANK-04701,no
BANK-04702,no
BANK-04703,no
BANK-04704,no
BANK-04705,no
BANK-04706,no
BANK-04707,no
BANK-04708,yes
BANK-04709,yes
BANK-04710,no
BANK-04711,no
BANK-04712,yes
BANK-04713,no
BANK-04714,no
BANK-04715,no
BANK-04716,no
BANK-04717,no
BANK-04718,no
BANK-04719,no
BANK-04720,no
BANK-04721,no
BANK-04722,no
BANK-04723,no
BANK-04724,no
BANK-04725,no
BANK-04726,no
BANK-04727,no
BANK-04728,no
BANK-04729,no
BANK-04730,no
BANK-04731,no
BANK-04732,no
BANK-04733,no
BANK-04734,no
BANK-04735,no
BANK-04736,no
BANK-04737,no
BANK-04738,no
BANK-04739,no
BANK-04740,no
BANK-04741,no
BANK-04742,no
BANK-04743,no
BANK-04744,no
BANK-04745,no
BANK-04746,no
BANK-04747,yes
BANK-04748,no
BANK-04749,no
BANK-04750,no
BANK-04751,no
BANK-04752,no
BANK-04753,no
BANK-04754,no
BANK-04755,no
BANK-04756,no
BANK-04757,no
BANK-04758,no
BANK-04759,no
BANK-04760,no
BANK-04761,no
BANK-04762,no
BANK-04763,no
BANK-04764,no
BANK-04765,yes
BANK-04766,no
BANK-04767,no
BANK-04768,no
BANK-04769,no
BANK-04770,no
BANK-04771,no
BANK-04772,no
BANK-04773,no
BANK-04774,no
BANK-04775,no
BANK-04776,no
BANK-04777,no
BANK-04778,no
BANK-04779,no
BANK-04780,no
BANK-04781,no
BANK-04782,no
BANK-04783,no
BANK-04784,no
BANK-04785,no
BANK-04786,no
BANK-04787,no
BANK-04788,no
BANK-04789,no
BANK-04790,no
BANK-04791,no
BANK-04792,no
BANK-04793,no
BANK-04794,no
BANK-04795,no
BANK-04796,no
BANK-04797,no
BANK-04798,no
BANK-04799,no
BANK-04800,no
BANK-04801,no
BANK-04802,no
BANK-04803,no
BANK-04804,no
BANK-04805,no
BANK-04806,no
BANK-04807,no
BANK-04808,yes
BANK-04809,no
BANK-04810,yes
BANK-04811,no
BANK-04812,no
BANK-04813,no
BANK-04814,no
BANK-04815,no
BANK-04816,no
BANK-04817,no
BANK-04818,no
BANK-04819,no
BANK-04820,no
BANK-04821,no
BANK-04822,no
BANK-04823,yes
BANK-04824,yes
BANK-04825,no
BANK-04826,no
BANK-04827,yes
BANK-04828,no
BANK-04829,no
BANK-04830,no
BANK-04831,no
BANK-04832,no
BANK-04833,no
BANK-04834,no
BANK-04835,no
BANK-04836,yes
BANK-04837,yes
BANK-04838,no
BANK-04839,no
BANK-04840,no
BANK-04841,no
BANK-04842,no
BANK-04843,no
BANK-04844,no
BANK-04845,no
BANK-04846,no
BANK-04847,no
BANK-04848,no
BANK-04849,no
BANK-04850,no
BANK-04851,no
BANK-04852,no
BANK-04853,no
BANK-04854,no
BANK-04855,no
BANK-04856,no
BANK-04857,no
BANK-04858,no
BANK-04859,no
BANK-04860,no
BANK-04861,no
BANK-04862,no
BANK-04863,no
BANK-04864,no
BANK-04865,no
BANK-04866,no
BANK-04867,yes
BANK-04868,no
BANK-04869,no
BANK-04870,no
BANK-04871,no
BANK-04872,no
BANK-04873,no
BANK-04874,no
BANK-04875,no
BANK-04876,no
BANK-04877,no
BANK-04878,no
BANK-04879,no
BANK-04880,no
BANK-04881,no
BANK-04882,no
BANK-04883,no
BANK-04884,no
BANK-04885,no
BANK-04886,no
BANK-04887,no
BANK-04888,no
BANK-04889,no
BANK-04890,no
BANK-04891,no
BANK-04892,no
BANK-04893,no
BANK-04894,no
BANK-04895,no
BANK-04896,no
BANK-04897,no
BANK-04898,no
BANK-04899,no
BANK-04900,no
BANK-04901,no
BANK-04902,no
BANK-04903,yes
BANK-04904,no
BANK-04905,no
BANK-04906,no
BANK-04907,no
BANK-04908,no
BANK-04909,no
BANK-04910,no
BANK-04911,no
BANK-04912,no
BANK-04913,no
BANK-04914,no
BANK-04915,no
BANK-04916,no
BANK-04917,no
BANK-04918,no
BANK-04919,no
BANK-04920,yes
BANK-04921,no
BANK-04922,no
BANK-04923,no
BANK-04924,no
BANK-04925,no
BANK-04926,no
BANK-04927,no
BANK-04928,no
BANK-04929,no
BANK-04930,no
BANK-04931,no
BANK-04932,no
BANK-04933,no
BANK-04934,no
BANK-04935,no
BANK-04936,no
BANK-04937,no
BANK-04938,no
BANK-04939,no
BANK-04940,no
BANK-04941,no
BANK-04942,no
BANK-04943,no
BANK-04944,no
BANK-04945,no
BANK-04946,no
BANK-04947,no
BANK-04948,no
BANK-04949,no
BANK-04950,no
BANK-04951,no
BANK-04952,no
BANK-04953,no
BANK-04954,no
BANK-04955,no
BANK-04956,no
BANK-04957,no
BANK-04958,no
BANK-04959,no
BANK-04960,no
BANK-04961,no
BANK-04962,no
BANK-04963,no
BANK-04964,no
BANK-04965,no
BANK-04966,no
BANK-04967,no
BANK-04968,no
BANK-04969,no
BANK-04970,no
BANK-04971,no
BANK-04972,no
BANK-04973,no
BANK-04974,no
BANK-04975,no
BANK-04976,no
BANK-04977,no
BANK-04978,no
BANK-04979,no
BANK-04980,no
BANK-04981,no
BANK-04982,no
BANK-04983,no
BANK-04984,no
BANK-04985,no
BANK-04986,no
BANK-04987,no
BANK-04988,no
BANK-04989,no
BANK-04990,no
BANK-04991,no
BANK-04992,no
BANK-04993,no
BANK-04994,no
BANK-04995,no
BANK-04996,no
BANK-04997,no
BANK-04998,no
BANK-04999,no
BANK-05000,no
BANK-05001,no
BANK-05002,yes
BANK-05003,no
BANK-05004,no
BANK-05005,no
BANK-05006,no
BANK-05007,no
BANK-05008,no
BANK-05009,no
BANK-05010,no
BANK-05011,no
BANK-05012,no
BANK-05013,no
BANK-05014,no
BANK-05015,no
BANK-05016,no
BANK-05017,no
BANK-05018,no
BANK-05019,no
BANK-05020,yes
BANK-05021,no
BANK-05022,no
BANK-05023,no
BANK-05024,no
BANK-05025,no
BANK-05026,no
BANK-05027,no
BANK-05028,no
BANK-05029,no
BANK-05030,no
BANK-05031,no
BANK-05032,no
BANK-05033,no
BANK-05034,no
BANK-05035,no
BANK-05036,no
BANK-05037,no
BANK-05038,no
BANK-05039,no
BANK-05040,no
BANK-05041,no
BANK-05042,no
BANK-05043,no
BANK-05044,no
BANK-05045,no
BANK-05046,no
BANK-05047,no
BANK-05048,no
BANK-05049,no
BANK-05050,no
BANK-05051,no
BANK-05052,no
BANK-05053,no
BANK-05054,no
BANK-05055,no
BANK-05056,no
BANK-05057,no
BANK-05058,no
BANK-05059,no
BANK-05060,no
BANK-05061,no
BANK-05062,no
BANK-05063,no
BANK-05064,yes
BANK-05065,no
BANK-05066,no
BANK-05067,no
BANK-05068,no
BANK-05069,no
BANK-05070,no
BANK-05071,no
BANK-05072,no
BANK-05073,no
BANK-05074,no
BANK-05075,no
BANK-05076,no
BANK-05077,no
BANK-05078,no
BANK-05079,no
BANK-05080,no
BANK-05081,no
BANK-05082,no
BANK-05083,no
BANK-05084,no
BANK-05085,no
BANK-05086,no
BANK-05087,no
BANK-05088,no
BANK-05089,no
BANK-05090,no
BANK-05091,no
BANK-05092,no
BANK-05093,no
BANK-05094,no
BANK-05095,no
BANK-05096,no
BANK-05097,no
BANK-05098,no
BANK-05099,no
BANK-05100,no
BANK-05101,no
BANK-05102,no
BANK-05103,no
BANK-05104,no
BANK-05105,no
BANK-05106,no
BANK-05107,no
BANK-05108,no
BANK-05109,no
BANK-05110,no
BANK-05111,no
BANK-05112,no
BANK-05113,no
BANK-05114,no
BANK-05115,no
BANK-05116,no
BANK-05117,no
BANK-05118,yes
BANK-05119,no
BANK-05120,yes
BANK-05121,yes
BANK-05122,no
BANK-05123,no
BANK-05124,no
BANK-05125,no
BANK-05126,no
BANK-05127,no
BANK-05128,no
BANK-05129,no
BANK-05130,no
BANK-05131,no
BANK-05132,no
BANK-05133,yes
BANK-05134,no
BANK-05135,no
BANK-05136,no
BANK-05137,no
BANK-05138,no
BANK-05139,no
BANK-05140,yes
BANK-05141,no
BANK-05142,no
BANK-05143,no
BANK-05144,no
BANK-05145,no
BANK-05146,no
BANK-05147,no
BANK-05148,no
BANK-05149,no
BANK-05150,no
BANK-05151,no
BANK-05152,no
BANK-05153,no
BANK-05154,no
BANK-05155,no
BANK-05156,no
BANK-05157,no
BANK-05158,no
BANK-05159,no
BANK-05160,no
BANK-05161,yes
BANK-05162,no
BANK-05163,no
BANK-05164,no
BANK-05165,no
BANK-05166,no
BANK-05167,no
BANK-05168,no
BANK-05169,no
BANK-05170,no
BANK-05171,no
BANK-05172,no
BANK-05173,no
BANK-05174,no
BANK-05175,no
BANK-05176,no
BANK-05177,no
BANK-05178,no
BANK-05179,no
BANK-05180,no
BANK-05181,no
BANK-05182,no
BANK-05183,no
BANK-05184,no
BANK-05185,no
BANK-05186,no
BANK-05187,yes
BANK-05188,no
BANK-05189,no
BANK-05190,no
BANK-05191,no
BANK-05192,yes
BANK-05193,no
BANK-05194,no
BANK-05195,no
BANK-05196,no
BANK-05197,yes
BANK-05198,no
BANK-05199,no
BANK-05200,no
BANK-05201,no
BANK-05202,no
BANK-05203,no
BANK-05204,no
BANK-05205,no
BANK-05206,no
BANK-05207,no
BANK-05208,no
BANK-05209,no
BANK-05210,no
BANK-05211,no
BANK-05212,no
BANK-05213,no
BANK-05214,no
BANK-05215,no
BANK-05216,no
BANK-05217,no
BANK-05218,no
BANK-05219,no
BANK-05220,no
BANK-05221,no
BANK-05222,no
BANK-05223,no
BANK-05224,no
BANK-05225,no
BANK-05226,no
BANK-05227,no
BANK-05228,no
BANK-05229,no
BANK-05230,no
BANK-05231,no
BANK-05232,no
BANK-05233,no
BANK-05234,no
BANK-05235,no
BANK-05236,no
BANK-05237,no
BANK-05238,no
BANK-05239,no
BANK-05240,no
BANK-05241,no
BANK-05242,no
BANK-05243,no
BANK-05244,no
BANK-05245,no
BANK-05246,no
BANK-05247,no
BANK-05248,no
BANK-05249,no
BANK-05250,no
BANK-05251,no
BANK-05252,no
BANK-05253,no
BANK-05254,no
BANK-05255,no
BANK-05256,no
BANK-05257,no
BANK-05258,no
BANK-05259,no
BANK-05260,no
BANK-05261,no
BANK-05262,no
BANK-05263,no
BANK-05264,no
BANK-05265,no
BANK-05266,no
BANK-05267,no
BANK-05268,no
BANK-05269,no
BANK-05270,no
BANK-05271,no
BANK-05272,no
BANK-05273,no
BANK-05274,no
BANK-05275,no
BANK-05276,no
BANK-05277,no
BANK-05278,no
BANK-05279,no
BANK-05280,no
BANK-05281,no
BANK-05282,no
BANK-05283,no
BANK-05284,no
BANK-05285,no
BANK-05286,no
BANK-05287,no
BANK-05288,no
BANK-05289,no
BANK-05290,no
BANK-05291,no
BANK-05292,no
BANK-05293,no
BANK-05294,no
BANK-05295,no
BANK-05296,no
BANK-05297,no
BANK-05298,no
BANK-05299,no
BANK-05300,no
BANK-05301,no
BANK-05302,no
BANK-05303,no
BANK-05304,no
BANK-05305,no
BANK-05306,no
BANK-05307,no
BANK-05308,no
BANK-05309,no
BANK-05310,no
BANK-05311,no
BANK-05312,no
BANK-05313,no
BANK-05314,no
BANK-05315,no
BANK-05316,no
BANK-05317,no
BANK-05318,no
BANK-05319,no
BANK-05320,no
BANK-05321,no
BANK-05322,no
BANK-05323,no
BANK-05324,no
BANK-05325,no
BANK-05326,no
BANK-05327,no
BANK-05328,no
BANK-05329,no
BANK-05330,no
BANK-05331,no
BANK-05332,no
BANK-05333,yes
BANK-05334,no
BANK-05335,no
BANK-05336,no
BANK-05337,no
BANK-05338,yes
BANK-05339,no
BANK-05340,no
BANK-05341,no
BANK-05342,no
BANK-05343,yes
BANK-05344,no
BANK-05345,no
BANK-05346,no
BANK-05347,no
BANK-05348,no
BANK-05349,no
BANK-05350,no
BANK-05351,no
BANK-05352,no
BANK-05353,yes
BANK-05354,no
BANK-05355,no
BANK-05356,no
BANK-05357,no
BANK-05358,no
BANK-05359,yes
BANK-05360,no
BANK-05361,no
BANK-05362,no
BANK-05363,no
BANK-05364,yes
BANK-05365,no
BANK-05366,no
BANK-05367,no
BANK-05368,no
BANK-05369,no
BANK-05370,no
BANK-05371,no
BANK-05372,no
BANK-05373,no
BANK-05374,no
BANK-05375,no
BANK-05376,no
BANK-05377,no
BANK-05378,no
BANK-05379,no
BANK-05380,no
BANK-05381,no
BANK-05382,no
BANK-05383,no
BANK-05384,no
BANK-05385,no
BANK-05386,no
BANK-05387,no
BANK-05388,no
BANK-05389,no
BANK-05390,no
BANK-05391,no
BANK-05392,no
BANK-05393,yes
BANK-05394,no
BANK-05395,no
BANK-05396,no
BANK-05397,no
BANK-05398,no
BANK-05399,no
BANK-05400,no
BANK-05401,no
BANK-05402,no
BANK-05403,no
BANK-05404,no
BANK-05405,no
BANK-05406,no
BANK-05407,no
BANK-05408,no
BANK-05409,no
BANK-05410,no
BANK-05411,no
BANK-05412,no
BANK-05413,no
BANK-05414,no
BANK-05415,no
BANK-05416,no
BANK-05417,no
BANK-05418,no
BANK-05419,no
BANK-05420,no
BANK-05421,no
BANK-05422,yes
BANK-05423,no
BANK-05424,no
BANK-05425,no
BANK-05426,no
BANK-05427,no
BANK-05428,yes
BANK-05429,no
BANK-05430,no
BANK-05431,no
BANK-05432,no
BANK-05433,no
BANK-05434,no
BANK-05435,no
BANK-05436,no
BANK-05437,no
BANK-05438,no
BANK-05439,no
BANK-05440,no
BANK-05441,yes
BANK-05442,no
BANK-05443,no
BANK-05444,no
BANK-05445,no
BANK-05446,no
BANK-05447,no
BANK-05448,no
BANK-05449,no
BANK-05450,no
BANK-05451,yes
BANK-05452,no
BANK-05453,no
BANK-05454,no
BANK-05455,no
BANK-05456,no
BANK-05457,no
BANK-05458,no
BANK-05459,yes
BANK-05460,no
BANK-05461,no
BANK-05462,no
BANK-05463,no
BANK-05464,no
BANK-05465,no
BANK-05466,no
BANK-05467,no
BANK-05468,no
BANK-05469,no
BANK-05470,no
BANK-05471,no
BANK-05472,no
BANK-05473,no
BANK-05474,no
BANK-05475,no
BANK-05476,no
BANK-05477,no
BANK-05478,no
BANK-05479,no
BANK-05480,no
BANK-05481,no
BANK-05482,no
BANK-05483,no
BANK-05484,yes
BANK-05485,no
BANK-05486,no
BANK-05487,no
BANK-05488,no
BANK-05489,no
BANK-05490,no
BANK-05491,no
BANK-05492,no
BANK-05493,no
BANK-05494,no
BANK-05495,no
BANK-05496,no
BANK-05497,no
BANK-05498,no
BANK-05499,no
BANK-05500,no
BANK-05501,no
BANK-05502,no
BANK-05503,no
BANK-05504,no
BANK-05505,yes
BANK-05506,no
BANK-05507,no
BANK-05508,no
BANK-05509,no
BANK-05510,no
BANK-05511,yes
BANK-05512,no
BANK-05513,no
BANK-05514,no
BANK-05515,yes
BANK-05516,no
BANK-05517,no
BANK-05518,no
BANK-05519,no
BANK-05520,no
BANK-05521,no
BANK-05522,no
BANK-05523,no
BANK-05524,no
BANK-05525,no
BANK-05526,no
BANK-05527,no
BANK-05528,no
BANK-05529,no
BANK-05530,yes
BANK-05531,no
BANK-05532,no
BANK-05533,no
BANK-05534,no
BANK-05535,no
BANK-05536,no
BANK-05537,no
BANK-05538,no
BANK-05539,no
BANK-05540,no
BANK-05541,no
BANK-05542,no
BANK-05543,no
BANK-05544,no
BANK-05545,no
BANK-05546,no
BANK-05547,no
BANK-05548,no
BANK-05549,no
BANK-05550,no
BANK-05551,no
BANK-05552,no
BANK-05553,no
BANK-05554,no
BANK-05555,no
BANK-05556,no
BANK-05557,no
BANK-05558,no
BANK-05559,no
BANK-05560,no
BANK-05561,no
BANK-05562,no
BANK-05563,no
BANK-05564,no
BANK-05565,no
BANK-05566,no
BANK-05567,no
BANK-05568,no
BANK-05569,no
BANK-05570,yes
BANK-05571,no
BANK-05572,no
BANK-05573,no
BANK-05574,no
BANK-05575,no
BANK-05576,no
BANK-05577,no
BANK-05578,no
BANK-05579,no
BANK-05580,no
BANK-05581,no
BANK-05582,no
BANK-05583,no
BANK-05584,no
BANK-05585,no
BANK-05586,no
BANK-05587,no
BANK-05588,no
BANK-05589,no
BANK-05590,no
BANK-05591,no
BANK-05592,no
BANK-05593,no
BANK-05594,no
BANK-05595,no
BANK-05596,no
BANK-05597,no
BANK-05598,no
BANK-05599,no
BANK-05600,no
BANK-05601,no
BANK-05602,no
BANK-05603,no
BANK-05604,no
BANK-05605,no
BANK-05606,no
BANK-05607,no
BANK-05608,no
BANK-05609,no
BANK-05610,no
BANK-05611,no
BANK-05612,no
BANK-05613,no
BANK-05614,no
BANK-05615,no
BANK-05616,no
BANK-05617,no
BANK-05618,no
BANK-05619,no
BANK-05620,yes
BANK-05621,no
BANK-05622,no
BANK-05623,no
BANK-05624,no
BANK-05625,no
BANK-05626,no
BANK-05627,no
BANK-05628,no
BANK-05629,no
BANK-05630,no
BANK-05631,no
BANK-05632,no
BANK-05633,no
BANK-05634,yes
BANK-05635,no
BANK-05636,no
BANK-05637,no
BANK-05638,no
BANK-05639,no
BANK-05640,no
BANK-05641,no
BANK-05642,no
BANK-05643,no
BANK-05644,no
BANK-05645,no
BANK-05646,no
BANK-05647,no
BANK-05648,no
BANK-05649,no
BANK-05650,no
BANK-05651,no
BANK-05652,no
BANK-05653,no
BANK-05654,no
BANK-05655,no
BANK-05656,no
BANK-05657,no
BANK-05658,no
BANK-05659,no
BANK-05660,no
BANK-05661,no
BANK-05662,no
BANK-05663,no
BANK-05664,no
BANK-05665,no
BANK-05666,no
BANK-05667,no
BANK-05668,no
BANK-05669,no
BANK-05670,no
BANK-05671,no
BANK-05672,no
BANK-05673,no
BANK-05674,no
BANK-05675,no
BANK-05676,no
BANK-05677,no
BANK-05678,no
BANK-05679,no
BANK-05680,no
BANK-05681,no
BANK-05682,no
BANK-05683,no
BANK-05684,no
BANK-05685,no
BANK-05686,no
BANK-05687,no
BANK-05688,no
BANK-05689,no
BANK-05690,no
BANK-05691,no
BANK-05692,no
BANK-05693,no
BANK-05694,no
BANK-05695,no
BANK-05696,no
BANK-05697,no
BANK-05698,no
BANK-05699,yes
BANK-05700,no
BANK-05701,no
BANK-05702,no
BANK-05703,no
BANK-05704,no
BANK-05705,yes
BANK-05706,no
BANK-05707,yes
BANK-05708,no
BANK-05709,no
BANK-05710,no
BANK-05711,no
BANK-05712,no
BANK-05713,no
BANK-05714,no
BANK-05715,yes
BANK-05716,no
BANK-05717,no
BANK-05718,yes
BANK-05719,yes
BANK-05720,no
BANK-05721,no
BANK-05722,yes
BANK-05723,no
BANK-05724,no
BANK-05725,no
BANK-05726,no
BANK-05727,no
BANK-05728,no
BANK-05729,no
BANK-05730,yes
BANK-05731,no
BANK-05732,no
BANK-05733,no
BANK-05734,no
BANK-05735,no
BANK-05736,no
BANK-05737,no
BANK-05738,no
BANK-05739,no
BANK-05740,no
BANK-05741,no
BANK-05742,no
BANK-05743,no
BANK-05744,no
BANK-05745,no
BANK-05746,no
BANK-05747,no
BANK-05748,no
BANK-05749,no
BANK-05750,no
BANK-05751,no
BANK-05752,no
BANK-05753,no
BANK-05754,no
BANK-05755,no
BANK-05756,no
BANK-05757,no
BANK-05758,no
BANK-05759,no
BANK-05760,no
BANK-05761,no
BANK-05762,no
BANK-05763,no
BANK-05764,no
BANK-05765,yes
BANK-05766,no
BANK-05767,yes
BANK-05768,no
BANK-05769,no
BANK-05770,no
BANK-05771,no
BANK-05772,no
BANK-05773,no
BANK-05774,no
BANK-05775,no
BANK-05776,yes
BANK-05777,no
BANK-05778,no
BANK-05779,no
BANK-05780,no
BANK-05781,no
BANK-05782,no
BANK-05783,no
BANK-05784,no
BANK-05785,no
BANK-05786,no
BANK-05787,no
BANK-05788,no
BANK-05789,no
BANK-05790,no
BANK-05791,no
BANK-05792,no
BANK-05793,no
BANK-05794,no
BANK-05795,no
BANK-05796,no
BANK-05797,no
BANK-05798,no
BANK-05799,no
BANK-05800,no
BANK-05801,no
BANK-05802,no
BANK-05803,no
BANK-05804,no
BANK-05805,no
BANK-05806,no
BANK-05807,yes
BANK-05808,no
BANK-05809,no
BANK-05810,no
BANK-05811,no
BANK-05812,no
BANK-05813,no
BANK-05814,yes
BANK-05815,no
BANK-05816,no
BANK-05817,no
BANK-05818,no
BANK-05819,no
BANK-05820,no
BANK-05821,no
BANK-05822,no
BANK-05823,no
BANK-05824,no
BANK-05825,no
BANK-05826,no
BANK-05827,no
BANK-05828,no
BANK-05829,no
BANK-05830,no
BANK-05831,no
BANK-05832,no
BANK-05833,no
BANK-05834,no
BANK-05835,no
BANK-05836,no
BANK-05837,no
BANK-05838,no
BANK-05839,no
BANK-05840,no
BANK-05841,no
BANK-05842,no
BANK-05843,no
BANK-05844,no
BANK-05845,no
BANK-05846,no
BANK-05847,no
BANK-05848,no
BANK-05849,no
BANK-05850,no
BANK-05851,no
BANK-05852,no
BANK-05853,no
BANK-05854,yes
BANK-05855,no
BANK-05856,no
BANK-05857,no
BANK-05858,no
BANK-05859,no
BANK-05860,yes
BANK-05861,no
BANK-05862,no
BANK-05863,no
BANK-05864,no
BANK-05865,no
BANK-05866,no
BANK-05867,no
BANK-05868,no
BANK-05869,no
BANK-05870,no
BANK-05871,no
BANK-05872,no
BANK-05873,no
BANK-05874,no
BANK-05875,no
BANK-05876,no
BANK-05877,no
BANK-05878,no
BANK-05879,no
BANK-05880,no
BANK-05881,no
BANK-05882,yes
BANK-05883,no
BANK-05884,no
BANK-05885,no
BANK-05886,no
BANK-05887,no
BANK-05888,no
BANK-05889,no
BANK-05890,no
BANK-05891,no
BANK-05892,no
BANK-05893,no
BANK-05894,no
BANK-05895,no
BANK-05896,no
BANK-05897,no
BANK-05898,no
BANK-05899,no
BANK-05900,no
BANK-05901,no
BANK-05902,no
BANK-05903,yes
BANK-05904,no
BANK-05905,no
BANK-05906,no
BANK-05907,no
BANK-05908,no
BANK-05909,no
BANK-05910,no
BANK-05911,no
BANK-05912,no
BANK-05913,no
BANK-05914,no
BANK-05915,yes
BANK-05916,no
BANK-05917,no
BANK-05918,no
BANK-05919,no
BANK-05920,no
BANK-05921,no
BANK-05922,no
BANK-05923,no
BANK-05924,no
BANK-05925,no
BANK-05926,no
BANK-05927,no
BANK-05928,no
BANK-05929,no
BANK-05930,no
BANK-05931,no
BANK-05932,no
BANK-05933,no
BANK-05934,no
BANK-05935,no
BANK-05936,no
BANK-05937,no
BANK-05938,no
BANK-05939,no
BANK-05940,no
BANK-05941,no
BANK-05942,no
BANK-05943,no
BANK-05944,no
BANK-05945,no
BANK-05946,no
BANK-05947,no
BANK-05948,no
BANK-05949,no
BANK-05950,no
BANK-05951,no
BANK-05952,no
BANK-05953,no
BANK-05954,no
BANK-05955,no
BANK-05956,no
BANK-05957,no
BANK-05958,no
BANK-05959,no
BANK-05960,no
BANK-05961,no
BANK-05962,no
BANK-05963,no
BANK-05964,no
BANK-05965,yes
BANK-05966,no
BANK-05967,no
BANK-05968,no
BANK-05969,no
BANK-05970,no
BANK-05971,no
BANK-05972,no
BANK-05973,no
BANK-05974,no
BANK-05975,no
BANK-05976,no
BANK-05977,no
BANK-05978,no
BANK-05979,no
BANK-05980,no
BANK-05981,yes
BANK-05982,no
BANK-05983,no
BANK-05984,no
BANK-05985,no
BANK-05986,no
BANK-05987,no
BANK-05988,no
BANK-05989,no
BANK-05990,yes
BANK-05991,no
BANK-05992,no
BANK-05993,no
BANK-05994,no
BANK-05995,no
BANK-05996,no
BANK-05997,no
BANK-05998,no
BANK-05999,no
BANK-06000,no
BANK-06001,no
BANK-06002,no
BANK-06003,yes
BANK-06004,no
BANK-06005,no
BANK-06006,no
BANK-06007,no
BANK-06008,no
BANK-06009,no
BANK-06010,no
BANK-06011,no
BANK-06012,no
BANK-06013,no
BANK-06014,no
BANK-06015,no
BANK-06016,no
BANK-06017,no
BANK-06018,no
BANK-06019,no
BANK-06020,no
BANK-06021,no
BANK-06022,no
BANK-06023,no
BANK-06024,no
BANK-06025,no
BANK-06026,no
BANK-06027,no
BANK-06028,no
BANK-06029,yes
BANK-06030,no
BANK-06031,no
BANK-06032,no
BANK-06033,no
BANK-06034,yes
BANK-06035,no
BANK-06036,no
BANK-06037,no
BANK-06038,no
BANK-06039,no
BANK-06040,no
BANK-06041,no
BANK-06042,no
BANK-06043,no
BANK-06044,no
BANK-06045,no
BANK-06046,no
BANK-06047,no
BANK-06048,no
BANK-06049,no
BANK-06050,no
BANK-06051,no
BANK-06052,no
BANK-06053,no
BANK-06054,no
BANK-06055,no
BANK-06056,no
BANK-06057,no
BANK-06058,no
BANK-06059,no
BANK-06060,no
BANK-06061,yes
BANK-06062,yes
BANK-06063,no
BANK-06064,no
BANK-06065,no
BANK-06066,no
BANK-06067,yes
BANK-06068,no
BANK-06069,no
BANK-06070,yes
BANK-06071,no
BANK-06072,no
BANK-06073,no
BANK-06074,no
BANK-06075,no
BANK-06076,no
BANK-06077,no
BANK-06078,no
BANK-06079,no
BANK-06080,yes
BANK-06081,no
BANK-06082,no
BANK-06083,no
BANK-06084,no
BANK-06085,yes
BANK-06086,no
BANK-06087,no
BANK-06088,no
BANK-06089,yes
BANK-06090,no
BANK-06091,no
BANK-06092,no
BANK-06093,no
BANK-06094,no
BANK-06095,no
BANK-06096,no
BANK-06097,no
BANK-06098,no
BANK-06099,no
BANK-06100,no
BANK-06101,no
BANK-06102,no
BANK-06103,no
BANK-06104,no
BANK-06105,no
BANK-06106,no
BANK-06107,no
BANK-06108,no
BANK-06109,no
BANK-06110,no
BANK-06111,no
BANK-06112,no
BANK-06113,no
BANK-06114,no
BANK-06115,no
BANK-06116,no
BANK-06117,no
BANK-06118,no
BANK-06119,no
BANK-06120,no
BANK-06121,no
BANK-06122,no
BANK-06123,no
BANK-06124,no
BANK-06125,no
BANK-06126,no
BANK-06127,no
BANK-06128,no
BANK-06129,no
BANK-06130,no
BANK-06131,no
BANK-06132,no
BANK-06133,no
BANK-06134,no
BANK-06135,no
BANK-06136,no
BANK-06137,no
BANK-06138,no
BANK-06139,no
BANK-06140,no
BANK-06141,no
BANK-06142,no
BANK-06143,no
BANK-06144,no
BANK-06145,no
BANK-06146,no
BANK-06147,no
BANK-06148,no
BANK-06149,yes
BANK-06150,no
BANK-06151,no
BANK-06152,no
BANK-06153,no
BANK-06154,no
BANK-06155,no
BANK-06156,no
BANK-06157,no
BANK-06158,no
BANK-06159,no
BANK-06160,no
BANK-06161,yes
BANK-06162,no
BANK-06163,no
BANK-06164,no
BANK-06165,no
BANK-06166,no
BANK-06167,no
BANK-06168,no
BANK-06169,no
BANK-06170,yes
BANK-06171,no
BANK-06172,no
BANK-06173,no
BANK-06174,no
BANK-06175,no
BANK-06176,no
BANK-06177,no
BANK-06178,no
BANK-06179,no
BANK-06180,no
BANK-06181,no
BANK-06182,no
BANK-06183,no
BANK-06184,no
BANK-06185,yes
BANK-06186,no
BANK-06187,no
BANK-06188,no
BANK-06189,no
BANK-06190,no
BANK-06191,no
BANK-06192,no
BANK-06193,no
BANK-06194,no
BANK-06195,no
BANK-06196,no
BANK-06197,no
BANK-06198,no
BANK-06199,no
BANK-06200,no
BANK-06201,no
BANK-06202,no
BANK-06203,no
BANK-06204,yes
BANK-06205,no
BANK-06206,no
BANK-06207,no
BANK-06208,no
BANK-06209,yes
BANK-06210,no
BANK-06211,no
BANK-06212,no
BANK-06213,no
BANK-06214,no
BANK-06215,no
BANK-06216,no
BANK-06217,no
BANK-06218,no
BANK-06219,no
BANK-06220,no
BANK-06221,no
BANK-06222,no
BANK-06223,no
BANK-06224,no
BANK-06225,no
BANK-06226,no
BANK-06227,no
BANK-06228,no
BANK-06229,no
BANK-06230,no
BANK-06231,no
BANK-06232,no
BANK-06233,no
BANK-06234,no
BANK-06235,no
BANK-06236,no
BANK-06237,no
BANK-06238,no
BANK-06239,no
BANK-06240,no
BANK-06241,no
BANK-06242,no
BANK-06243,no
BANK-06244,no
BANK-06245,no
BANK-06246,no
BANK-06247,no
BANK-06248,no
BANK-06249,no
BANK-06250,no
BANK-06251,no
BANK-06252,no
BANK-06253,no
BANK-06254,no
BANK-06255,no
BANK-06256,yes
BANK-06257,no
BANK-06258,no
BANK-06259,no
BANK-06260,no
BANK-06261,no
BANK-06262,no
BANK-06263,no
BANK-06264,no
BANK-06265,no
BANK-06266,no
BANK-06267,no
BANK-06268,no
BANK-06269,no
BANK-06270,no
BANK-06271,no
BANK-06272,no
BANK-06273,no
BANK-06274,no
BANK-06275,no
BANK-06276,no
BANK-06277,no
BANK-06278,no
BANK-06279,no
BANK-06280,no
BANK-06281,no
BANK-06282,no
BANK-06283,no
BANK-06284,no
BANK-06285,no
BANK-06286,no
BANK-06287,no
BANK-06288,no
BANK-06289,no
BANK-06290,no
BANK-06291,no
BANK-06292,no
BANK-06293,no
BANK-06294,no
BANK-06295,no
BANK-06296,no
BANK-06297,no
BANK-06298,no
BANK-06299,no
BANK-06300,yes
BANK-06301,no
BANK-06302,no
BANK-06303,yes
BANK-06304,no
BANK-06305,no
BANK-06306,no
BANK-06307,no
BANK-06308,no
BANK-06309,no
BANK-06310,no
BANK-06311,no
BANK-06312,no
BANK-06313,no
BANK-06314,no
BANK-06315,no
BANK-06316,no
BANK-06317,no
BANK-06318,no
BANK-06319,no
BANK-06320,no
BANK-06321,no
BANK-06322,no
BANK-06323,no
BANK-06324,no
BANK-06325,no
BANK-06326,no
BANK-06327,no
BANK-06328,no
BANK-06329,no
BANK-06330,no
BANK-06331,no
BANK-06332,no
BANK-06333,no
BANK-06334,no
BANK-06335,no
BANK-06336,no
BANK-06337,no
BANK-06338,yes
BANK-06339,no
BANK-06340,no
BANK-06341,no
BANK-06342,no
BANK-06343,no
BANK-06344,no
BANK-06345,no
BANK-06346,no
BANK-06347,no
BANK-06348,no
BANK-06349,no
BANK-06350,no
BANK-06351,no
BANK-06352,no
BANK-06353,no
BANK-06354,no
BANK-06355,no
BANK-06356,no
BANK-06357,no
BANK-06358,no
BANK-06359,no
BANK-06360,no
BANK-06361,no
BANK-06362,no
BANK-06363,no
BANK-06364,no
BANK-06365,no
BANK-06366,no
BANK-06367,no
BANK-06368,no
BANK-06369,no
BANK-06370,no
BANK-06371,no
BANK-06372,no
BANK-06373,no
BANK-06374,no
BANK-06375,no
BANK-06376,no
BANK-06377,no
BANK-06378,no
BANK-06379,no
BANK-06380,no
BANK-06381,no
BANK-06382,no
BANK-06383,no
BANK-06384,no
BANK-06385,no
BANK-06386,no
BANK-06387,no
BANK-06388,yes
BANK-06389,no
BANK-06390,no
BANK-06391,no
BANK-06392,no
BANK-06393,no
BANK-06394,no
BANK-06395,no
BANK-06396,no
BANK-06397,no
BANK-06398,no
BANK-06399,no
BANK-06400,yes
BANK-06401,yes
BANK-06402,no
BANK-06403,no
BANK-06404,no
BANK-06405,no
BANK-06406,no
BANK-06407,no
BANK-06408,no
BANK-06409,yes
BANK-06410,no
BANK-06411,no
BANK-06412,no
BANK-06413,no
BANK-06414,no
BANK-06415,no
BANK-06416,no
BANK-06417,no
BANK-06418,no
BANK-06419,no
BANK-06420,no
BANK-06421,no
BANK-06422,no
BANK-06423,no
BANK-06424,no
BANK-06425,no
BANK-06426,no
BANK-06427,no
BANK-06428,no
BANK-06429,yes
BANK-06430,no
BANK-06431,no
BANK-06432,no
BANK-06433,no
BANK-06434,no
BANK-06435,no
BANK-06436,no
BANK-06437,no
BANK-06438,no
BANK-06439,no
BANK-06440,no
BANK-06441,no
BANK-06442,no
BANK-06443,no
BANK-06444,no
BANK-06445,no
BANK-06446,no
BANK-06447,no
BANK-06448,no
BANK-06449,no
BANK-06450,no
BANK-06451,no
BANK-06452,yes
BANK-06453,no
BANK-06454,no
BANK-06455,no
BANK-06456,no
BANK-06457,no
BANK-06458,no
BANK-06459,no
BANK-06460,no
BANK-06461,no
BANK-06462,no
BANK-06463,no
BANK-06464,no
BANK-06465,no
BANK-06466,no
BANK-06467,no
BANK-06468,no
BANK-06469,no
BANK-06470,no
BANK-06471,no
BANK-06472,no
BANK-06473,no
BANK-06474,no
BANK-06475,no
BANK-06476,no
BANK-06477,no
BANK-06478,no
BANK-06479,no
BANK-06480,no
BANK-06481,no
BANK-06482,no
BANK-06483,no
BANK-06484,no
BANK-06485,no
BANK-06486,no
BANK-06487,no
BANK-06488,no
BANK-06489,no
BANK-06490,no
BANK-06491,yes
BANK-06492,no
BANK-06493,no
BANK-06494,no
BANK-06495,no
BANK-06496,no
BANK-06497,no
BANK-06498,no
BANK-06499,no
BANK-06500,no
BANK-06501,no
BANK-06502,no
BANK-06503,no
BANK-06504,no
BANK-06505,no
BANK-06506,no
BANK-06507,no
BANK-06508,yes
BANK-06509,no
BANK-06510,no
BANK-06511,yes
BANK-06512,no
BANK-06513,no
BANK-06514,no
BANK-06515,no
BANK-06516,no
BANK-06517,no
BANK-06518,no
BANK-06519,no
BANK-06520,no
BANK-06521,no
BANK-06522,no
BANK-06523,no
BANK-06524,no
BANK-06525,no
BANK-06526,no
BANK-06527,no
BANK-06528,no
BANK-06529,no
BANK-06530,no
BANK-06531,no
BANK-06532,no
BANK-06533,no
BANK-06534,no
BANK-06535,no
BANK-06536,no
BANK-06537,no
BANK-06538,no
BANK-06539,no
BANK-06540,no
BANK-06541,no
BANK-06542,no
BANK-06543,no
BANK-06544,no
BANK-06545,yes
BANK-06546,no
BANK-06547,no
BANK-06548,no
BANK-06549,no
BANK-06550,no
BANK-06551,no
BANK-06552,no
BANK-06553,no
BANK-06554,no
BANK-06555,no
BANK-06556,no
BANK-06557,no
BANK-06558,no
BANK-06559,no
BANK-06560,no
BANK-06561,no
BANK-06562,no
BANK-06563,no
BANK-06564,no
BANK-06565,no
BANK-06566,no
BANK-06567,no
BANK-06568,no
BANK-06569,no
BANK-06570,no
BANK-06571,no
BANK-06572,no
BANK-06573,no
BANK-06574,no
BANK-06575,no
BANK-06576,no
BANK-06577,no
BANK-06578,no
BANK-06579,no
BANK-06580,yes
BANK-06581,no
BANK-06582,no
BANK-06583,no
BANK-06584,no
BANK-06585,no
BANK-06586,no
BANK-06587,no
BANK-06588,no
BANK-06589,no
BANK-06590,no
BANK-06591,no
BANK-06592,no
BANK-06593,no
BANK-06594,no
BANK-06595,no
BANK-06596,no
BANK-06597,no
BANK-06598,no
BANK-06599,no
BANK-06600,no
BANK-06601,no
BANK-06602,no
BANK-06603,no
BANK-06604,no
BANK-06605,no
BANK-06606,no
BANK-06607,no
BANK-06608,no
BANK-06609,no
BANK-06610,no
BANK-06611,no
BANK-06612,no
BANK-06613,no
BANK-06614,no
BANK-06615,no
BANK-06616,no
BANK-06617,no
BANK-06618,no
BANK-06619,no
BANK-06620,no
BANK-06621,no
BANK-06622,no
BANK-06623,no
BANK-06624,no
BANK-06625,no
BANK-06626,no
BANK-06627,no
BANK-06628,no
BANK-06629,no
BANK-06630,no
BANK-06631,no
BANK-06632,no
BANK-06633,no
BANK-06634,no
BANK-06635,no
BANK-06636,no
BANK-06637,no
BANK-06638,no
BANK-06639,no
BANK-06640,no
BANK-06641,no
BANK-06642,no
BANK-06643,no
BANK-06644,no
BANK-06645,no
BANK-06646,no
BANK-06647,no
BANK-06648,no
BANK-06649,no
BANK-06650,no
BANK-06651,no
BANK-06652,no
BANK-06653,no
BANK-06654,no
BANK-06655,yes
BANK-06656,no
BANK-06657,no
BANK-06658,no
BANK-06659,no
BANK-06660,no
BANK-06661,no
BANK-06662,no
BANK-06663,no
BANK-06664,no
BANK-06665,no
BANK-06666,no
BANK-06667,no
BANK-06668,no
BANK-06669,no
BANK-06670,no
BANK-06671,no
BANK-06672,no
BANK-06673,no
BANK-06674,no
BANK-06675,no
BANK-06676,no
BANK-06677,yes
BANK-06678,no
BANK-06679,no
BANK-06680,no
BANK-06681,no
BANK-06682,no
BANK-06683,no
BANK-06684,no
BANK-06685,yes
BANK-06686,no
BANK-06687,yes
BANK-06688,no
BANK-06689,no
BANK-06690,no
BANK-06691,no
BANK-06692,no
BANK-06693,no
BANK-06694,no
BANK-06695,no
BANK-06696,no
BANK-06697,yes
BANK-06698,no
BANK-06699,no
BANK-06700,no
BANK-06701,no
BANK-06702,yes
BANK-06703,no
BANK-06704,no
BANK-06705,no
BANK-06706,yes
BANK-06707,no
BANK-06708,no
BANK-06709,no
BANK-06710,no
BANK-06711,yes
BANK-06712,no
BANK-06713,no
BANK-06714,no
BANK-06715,yes
BANK-06716,no
BANK-06717,no
BANK-06718,no
BANK-06719,no
BANK-06720,no
BANK-06721,no
BANK-06722,no
BANK-06723,no
BANK-06724,no
BANK-06725,no
BANK-06726,no
BANK-06727,no
BANK-06728,no
BANK-06729,no
BANK-06730,no
BANK-06731,no
BANK-06732,yes
BANK-06733,no
BANK-06734,no
BANK-06735,no
BANK-06736,no
BANK-06737,no
BANK-06738,no
BANK-06739,no
BANK-06740,no
BANK-06741,no
BANK-06742,no
BANK-06743,no
BANK-06744,no
BANK-06745,no
BANK-06746,no
BANK-06747,no
BANK-06748,no
BANK-06749,no
BANK-06750,no
BANK-06751,no
BANK-06752,no
BANK-06753,no
BANK-06754,no
BANK-06755,no
BANK-06756,no
BANK-06757,no
BANK-06758,no
BANK-06759,no
BANK-06760,no
BANK-06761,no
BANK-06762,no
BANK-06763,no
BANK-06764,no
BANK-06765,no
BANK-06766,no
BANK-06767,no
BANK-06768,yes
BANK-06769,no
BANK-06770,no
BANK-06771,no
BANK-06772,no
BANK-06773,no
BANK-06774,no
BANK-06775,no
BANK-06776,no
BANK-06777,no
BANK-06778,no
BANK-06779,no
BANK-06780,no
BANK-06781,no
BANK-06782,no
BANK-06783,no
BANK-06784,no
BANK-06785,no
BANK-06786,no
BANK-06787,no
BANK-06788,no
BANK-06789,no
BANK-06790,no
BANK-06791,no
BANK-06792,no
BANK-06793,no
BANK-06794,no
BANK-06795,no
BANK-06796,no
BANK-06797,no
BANK-06798,no
BANK-06799,no
BANK-06800,no
BANK-06801,no
BANK-06802,no
BANK-06803,no
BANK-06804,no
BANK-06805,no
BANK-06806,no
BANK-06807,no
BANK-06808,no
BANK-06809,no
BANK-06810,no
BANK-06811,no
BANK-06812,no
BANK-06813,no
BANK-06814,no
BANK-06815,no
BANK-06816,no
BANK-06817,no
BANK-06818,no
BANK-06819,no
BANK-06820,no
BANK-06821,no
BANK-06822,no
BANK-06823,no
BANK-06824,no
BANK-06825,no
BANK-06826,no
BANK-06827,no
BANK-06828,no
BANK-06829,no
BANK-06830,no
BANK-06831,no
BANK-06832,no
BANK-06833,no
BANK-06834,no
BANK-06835,no
BANK-06836,no
BANK-06837,yes
BANK-06838,no
BANK-06839,yes
BANK-06840,no
BANK-06841,yes
BANK-06842,no
BANK-06843,no
BANK-06844,no
BANK-06845,no
BANK-06846,no
BANK-06847,yes
BANK-06848,no
BANK-06849,no
BANK-06850,no
BANK-06851,no
BANK-06852,no
BANK-06853,no
BANK-06854,no
BANK-06855,no
BANK-06856,no
BANK-06857,no
BANK-06858,yes
BANK-06859,no
BANK-06860,no
BANK-06861,no
BANK-06862,no
BANK-06863,yes
BANK-06864,no
BANK-06865,no
BANK-06866,no
BANK-06867,no
BANK-06868,no
BANK-06869,no
BANK-06870,no
BANK-06871,no
BANK-06872,no
BANK-06873,no
BANK-06874,no
BANK-06875,yes
BANK-06876,no
BANK-06877,no
BANK-06878,no
BANK-06879,no
BANK-06880,no
BANK-06881,no
BANK-06882,no
BANK-06883,no
BANK-06884,no
BANK-06885,no
BANK-06886,no
BANK-06887,yes
BANK-06888,yes
BANK-06889,no
BANK-06890,no
BANK-06891,no
BANK-06892,no
BANK-06893,no
BANK-06894,no
BANK-06895,no
BANK-06896,no
BANK-06897,no
BANK-06898,yes
BANK-06899,no
BANK-06900,no
BANK-06901,no
BANK-06902,no
BANK-06903,no
BANK-06904,no
BANK-06905,no
BANK-06906,no
BANK-06907,no
BANK-06908,no
BANK-06909,no
BANK-06910,no
BANK-06911,no
BANK-06912,no
BANK-06913,no
BANK-06914,no
BANK-06915,no
BANK-06916,no
BANK-06917,no
BANK-06918,no
BANK-06919,no
BANK-06920,no
BANK-06921,no
BANK-06922,no
BANK-06923,yes
BANK-06924,no
BANK-06925,no
BANK-06926,no
BANK-06927,no
BANK-06928,no
BANK-06929,no
BANK-06930,no
BANK-06931,no
BANK-06932,yes
BANK-06933,no
BANK-06934,no
BANK-06935,no
BANK-06936,yes
BANK-06937,no
BANK-06938,no
BANK-06939,no
BANK-06940,no
BANK-06941,no
BANK-06942,no
BANK-06943,no
BANK-06944,no
BANK-06945,no
BANK-06946,no
BANK-06947,no
BANK-06948,no
BANK-06949,no
BANK-06950,yes
BANK-06951,no
BANK-06952,no
BANK-06953,no
BANK-06954,no
BANK-06955,yes
BANK-06956,no
BANK-06957,no
BANK-06958,yes
BANK-06959,no
BANK-06960,no
BANK-06961,no
BANK-06962,no
BANK-06963,no
BANK-06964,no
BANK-06965,no
BANK-06966,no
BANK-06967,no
BANK-06968,no
BANK-06969,no
BANK-06970,no
BANK-06971,yes
BANK-06972,no
BANK-06973,no
BANK-06974,no
BANK-06975,yes
BANK-06976,no
BANK-06977,no
BANK-06978,yes
BANK-06979,no
BANK-06980,yes
BANK-06981,no
BANK-06982,no
BANK-06983,no
BANK-06984,no
BANK-06985,no
BANK-06986,no
BANK-06987,no
BANK-06988,no
BANK-06989,no
BANK-06990,no
BANK-06991,no
BANK-06992,no
BANK-06993,no
BANK-06994,no
BANK-06995,no
BANK-06996,no
BANK-06997,no
BANK-06998,no
BANK-06999,no
BANK-07000,no
BANK-07001,no
BANK-07002,no
BANK-07003,no
BANK-07004,no
BANK-07005,no
BANK-07006,no
BANK-07007,no
BANK-07008,no
BANK-07009,no
BANK-07010,no
BANK-07011,no
BANK-07012,no
BANK-07013,no
BANK-07014,yes
BANK-07015,no
BANK-07016,no
BANK-07017,no
BANK-07018,no
BANK-07019,no
BANK-07020,yes
BANK-07021,yes
BANK-07022,no
BANK-07023,no
BANK-07024,no
BANK-07025,no
BANK-07026,no
BANK-07027,no
BANK-07028,no
BANK-07029,no
BANK-07030,no
BANK-07031,no
BANK-07032,no
BANK-07033,no
BANK-07034,no
BANK-07035,yes
BANK-07036,no
BANK-07037,no
BANK-07038,yes
BANK-07039,no
BANK-07040,no
BANK-07041,no
BANK-07042,no
BANK-07043,no
BANK-07044,no
BANK-07045,no
BANK-07046,no
BANK-07047,no
BANK-07048,no
BANK-07049,no
BANK-07050,no
BANK-07051,no
BANK-07052,no
BANK-07053,no
BANK-07054,no
BANK-07055,no
BANK-07056,no
BANK-07057,no
BANK-07058,no
BANK-07059,no
BANK-07060,no
BANK-07061,no
BANK-07062,no
BANK-07063,no
BANK-07064,yes
BANK-07065,no
BANK-07066,no
BANK-07067,no
BANK-07068,no
BANK-07069,no
BANK-07070,no
BANK-07071,no
BANK-07072,no
BANK-07073,no
BANK-07074,no
BANK-07075,no
BANK-07076,no
BANK-07077,no
BANK-07078,no
BANK-07079,no
BANK-07080,no
BANK-07081,no
BANK-07082,no
BANK-07083,no
BANK-07084,no
BANK-07085,no
BANK-07086,no
BANK-07087,no
BANK-07088,no
BANK-07089,no
BANK-07090,no
BANK-07091,no
BANK-07092,no
BANK-07093,no
BANK-07094,yes
BANK-07095,no
BANK-07096,no
BANK-07097,no
BANK-07098,no
BANK-07099,no
BANK-07100,no
BANK-07101,no
BANK-07102,no
BANK-07103,no
BANK-07104,no
BANK-07105,no
BANK-07106,no
BANK-07107,no
BANK-07108,no
BANK-07109,no
BANK-07110,no
BANK-07111,no
BANK-07112,no
BANK-07113,no
BANK-07114,no
BANK-07115,no
BANK-07116,no
BANK-07117,no
BANK-07118,no
BANK-07119,no
BANK-07120,no
BANK-07121,no
BANK-07122,yes
BANK-07123,no
BANK-07124,no
BANK-07125,no
BANK-07126,no
BANK-07127,no
BANK-07128,no
BANK-07129,no
BANK-07130,no
BANK-07131,no
BANK-07132,no
BANK-07133,no
BANK-07134,no
BANK-07135,no
BANK-07136,yes
BANK-07137,no
BANK-07138,no
BANK-07139,no
BANK-07140,no
BANK-07141,no
BANK-07142,yes
BANK-07143,no
BANK-07144,no
BANK-07145,no
BANK-07146,no
BANK-07147,no
BANK-07148,no
BANK-07149,no
BANK-07150,no
BANK-07151,no
BANK-07152,no
BANK-07153,no
BANK-07154,no
BANK-07155,no
BANK-07156,no
BANK-07157,no
BANK-07158,no
BANK-07159,no
BANK-07160,no
BANK-07161,no
BANK-07162,no
BANK-07163,no
BANK-07164,no
BANK-07165,no
BANK-07166,no
BANK-07167,no
BANK-07168,no
BANK-07169,no
BANK-07170,no
BANK-07171,no
BANK-07172,no
BANK-07173,no
BANK-07174,no
BANK-07175,no
BANK-07176,yes
BANK-07177,no
BANK-07178,no
BANK-07179,no
BANK-07180,no
BANK-07181,no
BANK-07182,no
BANK-07183,no
BANK-07184,no
BANK-07185,no
BANK-07186,no
BANK-07187,no
BANK-07188,no
BANK-07189,no
BANK-07190,no
BANK-07191,no
BANK-07192,no
BANK-07193,no
BANK-07194,no
BANK-07195,no
BANK-07196,no
BANK-07197,no
BANK-07198,no
BANK-07199,no
BANK-07200,no
BANK-07201,no
BANK-07202,no
BANK-07203,no
BANK-07204,no
BANK-07205,no
BANK-07206,no
BANK-07207,no
BANK-07208,no
BANK-07209,no
BANK-07210,no
BANK-07211,no
BANK-07212,no
BANK-07213,no
BANK-07214,no
BANK-07215,no
BANK-07216,no
BANK-07217,no
BANK-07218,no
BANK-07219,no
BANK-07220,no
BANK-07221,no
BANK-07222,no
BANK-07223,no
BANK-07224,no
BANK-07225,no
BANK-07226,no
BANK-07227,no
BANK-07228,no
BANK-07229,no
BANK-07230,no
BANK-07231,no
BANK-07232,no
BANK-07233,no
BANK-07234,no
BANK-07235,no
BANK-07236,no
BANK-07237,no
BANK-07238,no
BANK-07239,yes
BANK-07240,no
BANK-07241,no
BANK-07242,no
BANK-07243,no
BANK-07244,no
BANK-07245,no
BANK-07246,no
BANK-07247,no
BANK-07248,yes
BANK-07249,no
BANK-07250,no
BANK-07251,no
BANK-07252,no
BANK-07253,no
BANK-07254,no
BANK-07255,no
BANK-07256,no
BANK-07257,no
BANK-07258,no
BANK-07259,no
BANK-07260,no
BANK-07261,no
BANK-07262,no
BANK-07263,no
BANK-07264,no
BANK-07265,no
BANK-07266,yes
BANK-07267,no
BANK-07268,yes
BANK-07269,no
BANK-07270,no
BANK-07271,no
BANK-07272,no
BANK-07273,no
BANK-07274,no
BANK-07275,no
BANK-07276,no
BANK-07277,no
BANK-07278,no
BANK-07279,no
BANK-07280,no
BANK-07281,no
BANK-07282,no
BANK-07283,no
BANK-07284,yes
BANK-07285,no
BANK-07286,yes
BANK-07287,no
BANK-07288,no
BANK-07289,no
BANK-07290,no
BANK-07291,yes
BANK-07292,no
BANK-07293,no
BANK-07294,no
BANK-07295,no
BANK-07296,no
BANK-07297,no
BANK-07298,no
BANK-07299,no
BANK-07300,no
BANK-07301,no
BANK-07302,no
BANK-07303,no
BANK-07304,no
BANK-07305,no
BANK-07306,no
BANK-07307,no
BANK-07308,no
BANK-07309,no
BANK-07310,yes
BANK-07311,no
BANK-07312,no
BANK-07313,no
BANK-07314,no
BANK-07315,yes
BANK-07316,no
BANK-07317,no
BANK-07318,no
BANK-07319,no
BANK-07320,no
BANK-07321,no
BANK-07322,no
BANK-07323,no
BANK-07324,yes
BANK-07325,no
BANK-07326,no
BANK-07327,no
BANK-07328,no
BANK-07329,no
BANK-07330,yes
BANK-07331,no
BANK-07332,no
BANK-07333,no
BANK-07334,no
BANK-07335,no
BANK-07336,no
BANK-07337,no
BANK-07338,no
BANK-07339,no
BANK-07340,no
BANK-07341,no
BANK-07342,no
BANK-07343,no
BANK-07344,no
BANK-07345,no
BANK-07346,no
BANK-07347,no
BANK-07348,no
BANK-07349,no
BANK-07350,no
BANK-07351,no
BANK-07352,no
BANK-07353,yes
BANK-07354,no
BANK-07355,yes
BANK-07356,no
BANK-07357,no
BANK-07358,no
BANK-07359,no
BANK-07360,no
BANK-07361,no
BANK-07362,no
BANK-07363,no
BANK-07364,no
BANK-07365,no
BANK-07366,no
BANK-07367,no
BANK-07368,no
BANK-07369,no
BANK-07370,no
BANK-07371,no
BANK-07372,no
BANK-07373,no
BANK-07374,no
BANK-07375,no
BANK-07376,no
BANK-07377,no
BANK-07378,no
BANK-07379,no
BANK-07380,no
BANK-07381,no
BANK-07382,no
BANK-07383,no
BANK-07384,no
BANK-07385,no
BANK-07386,no
BANK-07387,no
BANK-07388,no
BANK-07389,no
BANK-07390,no
BANK-07391,no
BANK-07392,no
BANK-07393,no
BANK-07394,no
BANK-07395,no
BANK-07396,no
BANK-07397,no
BANK-07398,no
BANK-07399,no
BANK-07400,no
BANK-07401,no
BANK-07402,yes
BANK-07403,no
BANK-07404,no
BANK-07405,no
BANK-07406,no
BANK-07407,no
BANK-07408,no
BANK-07409,no
BANK-07410,yes
BANK-07411,no
BANK-07412,yes
BANK-07413,no
BANK-07414,no
BANK-07415,no
BANK-07416,no
BANK-07417,no
BANK-07418,no
BANK-07419,no
BANK-07420,no
BANK-07421,no
BANK-07422,no
BANK-07423,no
BANK-07424,no
BANK-07425,no
BANK-07426,no
BANK-07427,no
BANK-07428,no
BANK-07429,no
BANK-07430,no
BANK-07431,no
BANK-07432,no
BANK-07433,no
BANK-07434,no
BANK-07435,yes
BANK-07436,no
BANK-07437,no
BANK-07438,no
BANK-07439,no
BANK-07440,no
BANK-07441,no
BANK-07442,no
BANK-07443,no
BANK-07444,no
BANK-07445,no
BANK-07446,no
BANK-07447,no
BANK-07448,no
BANK-07449,no
BANK-07450,no
BANK-07451,no
BANK-07452,no
BANK-07453,no
BANK-07454,yes
BANK-07455,no
BANK-07456,no
BANK-07457,yes
BANK-07458,no
BANK-07459,no
BANK-07460,no
BANK-07461,no
BANK-07462,no
BANK-07463,yes
BANK-07464,no
BANK-07465,yes
BANK-07466,no
BANK-07467,no
BANK-07468,no
BANK-07469,no
BANK-07470,no
BANK-07471,no
BANK-07472,no
BANK-07473,no
BANK-07474,no
BANK-07475,no
BANK-07476,no
BANK-07477,no
BANK-07478,no
BANK-07479,no
BANK-07480,no
BANK-07481,no
BANK-07482,no
BANK-07483,no
BANK-07484,yes
BANK-07485,no
BANK-07486,no
BANK-07487,no
BANK-07488,no
BANK-07489,no
BANK-07490,no
BANK-07491,no
BANK-07492,no
BANK-07493,no
BANK-07494,no
BANK-07495,yes
BANK-07496,no
BANK-07497,no
BANK-07498,no
BANK-07499,no
BANK-07500,no
BANK-07501,no
BANK-07502,no
BANK-07503,no
BANK-07504,no
BANK-07505,no
BANK-07506,no
BANK-07507,no
BANK-07508,no
BANK-07509,no
BANK-07510,no
BANK-07511,no
BANK-07512,no
BANK-07513,yes
BANK-07514,no
BANK-07515,no
BANK-07516,no
BANK-07517,no
BANK-07518,no
BANK-07519,no
BANK-07520,no
BANK-07521,no
BANK-07522,no
BANK-07523,no
BANK-07524,no
BANK-07525,no
BANK-07526,no
BANK-07527,no
BANK-07528,no
BANK-07529,no
BANK-07530,no
BANK-07531,no
BANK-07532,no
BANK-07533,no
BANK-07534,no
BANK-07535,no
BANK-07536,no
BANK-07537,no
BANK-07538,no
BANK-07539,no
BANK-07540,no
BANK-07541,no
BANK-07542,no
BANK-07543,no
BANK-07544,yes
BANK-07545,yes
BANK-07546,no
BANK-07547,no
BANK-07548,no
BANK-07549,no
BANK-07550,no
BANK-07551,no
BANK-07552,no
BANK-07553,no
BANK-07554,no
BANK-07555,no
BANK-07556,no
BANK-07557,no
BANK-07558,no
BANK-07559,no
BANK-07560,no
BANK-07561,no
BANK-07562,no
BANK-07563,no
BANK-07564,no
BANK-07565,no
BANK-07566,no
BANK-07567,no
BANK-07568,no
BANK-07569,no
BANK-07570,no
BANK-07571,no
BANK-07572,no
BANK-07573,no
BANK-07574,no
BANK-07575,no
BANK-07576,yes
BANK-07577,no
BANK-07578,no
BANK-07579,no
BANK-07580,no
BANK-07581,no
BANK-07582,no
BANK-07583,no
BANK-07584,no
BANK-07585,yes
BANK-07586,no
BANK-07587,no
BANK-07588,no
BANK-07589,no
BANK-07590,no
BANK-07591,no
BANK-07592,no
BANK-07593,no
BANK-07594,yes
BANK-07595,no
BANK-07596,no
BANK-07597,no
BANK-07598,no
BANK-07599,no
BANK-07600,no
BANK-07601,no
BANK-07602,no
BANK-07603,no
BANK-07604,no
BANK-07605,no
BANK-07606,no
BANK-07607,no
BANK-07608,no
BANK-07609,no
BANK-07610,no
BANK-07611,no
BANK-07612,no
BANK-07613,no
BANK-07614,no
BANK-07615,no
BANK-07616,no
BANK-07617,yes
BANK-07618,no
BANK-07619,no
BANK-07620,no
BANK-07621,yes
BANK-07622,no
BANK-07623,no
BANK-07624,no
BANK-07625,no
BANK-07626,no
BANK-07627,no
BANK-07628,no
BANK-07629,no
BANK-07630,no
BANK-07631,no
BANK-07632,no
BANK-07633,no
BANK-07634,no
BANK-07635,no
BANK-07636,no
BANK-07637,no
BANK-07638,no
BANK-07639,no
BANK-07640,yes
BANK-07641,yes
BANK-07642,no
BANK-07643,no
BANK-07644,no
BANK-07645,no
BANK-07646,no
BANK-07647,no
BANK-07648,no
BANK-07649,no
BANK-07650,no
BANK-07651,no
BANK-07652,no
BANK-07653,no
BANK-07654,no
BANK-07655,no
BANK-07656,no
BANK-07657,no
BANK-07658,no
BANK-07659,yes
BANK-07660,no
BANK-07661,no
BANK-07662,no
BANK-07663,no
BANK-07664,no
BANK-07665,no
BANK-07666,no
BANK-07667,no
BANK-07668,no
BANK-07669,no
BANK-07670,no
BANK-07671,no
BANK-07672,no
BANK-07673,no
BANK-07674,no
BANK-07675,no
BANK-07676,no
BANK-07677,no
BANK-07678,no
BANK-07679,no
BANK-07680,yes
BANK-07681,no
BANK-07682,no
BANK-07683,no
BANK-07684,no
BANK-07685,no
BANK-07686,no
BANK-07687,no
BANK-07688,no
BANK-07689,no
BANK-07690,no
BANK-07691,no
BANK-07692,no
BANK-07693,no
BANK-07694,no
BANK-07695,yes
BANK-07696,no
BANK-07697,no
BANK-07698,no
BANK-07699,no
BANK-07700,no
BANK-07701,no
BANK-07702,no
BANK-07703,no
BANK-07704,no
BANK-07705,no
BANK-07706,no
BANK-07707,no
BANK-07708,no
BANK-07709,no
BANK-07710,no
BANK-07711,no
BANK-07712,no
BANK-07713,no
BANK-07714,no
BANK-07715,no
BANK-07716,no
BANK-07717,no
BANK-07718,no
BANK-07719,no
BANK-07720,no
BANK-07721,no
BANK-07722,no
BANK-07723,no
BANK-07724,no
BANK-07725,no
BANK-07726,no
BANK-07727,no
BANK-07728,no
BANK-07729,no
BANK-07730,no
BANK-07731,no
BANK-07732,no
BANK-07733,no
BANK-07734,no
BANK-07735,no
BANK-07736,no
BANK-07737,no
BANK-07738,no
BANK-07739,no
BANK-07740,no
BANK-07741,no
BANK-07742,no
BANK-07743,no
BANK-07744,no
BANK-07745,no
BANK-07746,no
BANK-07747,no
BANK-07748,yes
BANK-07749,no
BANK-07750,no
BANK-07751,no
BANK-07752,no
BANK-07753,no
BANK-07754,no
BANK-07755,no
BANK-07756,no
BANK-07757,no
BANK-07758,yes
BANK-07759,no
BANK-07760,no
BANK-07761,no
BANK-07762,no
BANK-07763,no
BANK-07764,no
BANK-07765,no
BANK-07766,no
BANK-07767,no
BANK-07768,no
BANK-07769,no
BANK-07770,no
BANK-07771,no
BANK-07772,no
BANK-07773,no
BANK-07774,no
BANK-07775,no
BANK-07776,no
BANK-07777,no
BANK-07778,no
BANK-07779,no
BANK-07780,no
BANK-07781,no
BANK-07782,no
BANK-07783,no
BANK-07784,no
BANK-07785,no
BANK-07786,no
BANK-07787,no
BANK-07788,no
BANK-07789,no
BANK-07790,no
BANK-07791,no
BANK-07792,no
BANK-07793,no
BANK-07794,no
BANK-07795,no
BANK-07796,no
BANK-07797,no
BANK-07798,no
BANK-07799,no
BANK-07800,no
BANK-07801,no
BANK-07802,no
BANK-07803,no
BANK-07804,no
BANK-07805,no
BANK-07806,no
BANK-07807,no
BANK-07808,no
BANK-07809,no
BANK-07810,no
BANK-07811,no
BANK-07812,no
BANK-07813,no
BANK-07814,no
BANK-07815,no
BANK-07816,no
BANK-07817,no
BANK-07818,no
BANK-07819,no
BANK-07820,no
BANK-07821,no
BANK-07822,no
BANK-07823,yes
BANK-07824,no
BANK-07825,no
BANK-07826,no
BANK-07827,no
BANK-07828,no
BANK-07829,no
BANK-07830,no
BANK-07831,no
BANK-07832,no
BANK-07833,no
BANK-07834,no
BANK-07835,yes
BANK-07836,no
BANK-07837,no
BANK-07838,no
BANK-07839,no
BANK-07840,no
BANK-07841,no
BANK-07842,no
BANK-07843,no
BANK-07844,no
BANK-07845,no
BANK-07846,no
BANK-07847,yes
BANK-07848,no
BANK-07849,no
BANK-07850,no
BANK-07851,no
BANK-07852,no
BANK-07853,no
BANK-07854,no
BANK-07855,no
BANK-07856,no
BANK-07857,no
BANK-07858,no
BANK-07859,no
BANK-07860,yes
BANK-07861,no
BANK-07862,no
BANK-07863,no
BANK-07864,yes
BANK-07865,no
BANK-07866,no
BANK-07867,no
BANK-07868,no
BANK-07869,no
BANK-07870,no
BANK-07871,yes
BANK-07872,no
BANK-07873,no
BANK-07874,yes
BANK-07875,no
BANK-07876,no
BANK-07877,no
BANK-07878,no
BANK-07879,no
BANK-07880,no
BANK-07881,no
BANK-07882,no
BANK-07883,no
BANK-07884,yes
BANK-07885,no
BANK-07886,no
BANK-07887,no
BANK-07888,no
BANK-07889,no
BANK-07890,no
BANK-07891,yes
BANK-07892,no
BANK-07893,no
BANK-07894,no
BANK-07895,no
BANK-07896,no
BANK-07897,no
BANK-07898,no
BANK-07899,no
BANK-07900,no
BANK-07901,no
BANK-07902,no
BANK-07903,no
BANK-07904,no
BANK-07905,no
BANK-07906,no
BANK-07907,no
BANK-07908,no
BANK-07909,no
BANK-07910,no
BANK-07911,no
BANK-07912,yes
BANK-07913,no
BANK-07914,no
BANK-07915,no
BANK-07916,no
BANK-07917,no
BANK-07918,no
BANK-07919,no
BANK-07920,no
BANK-07921,no
BANK-07922,no
BANK-07923,no
BANK-07924,no
BANK-07925,no
BANK-07926,no
BANK-07927,no
BANK-07928,no
BANK-07929,no
BANK-07930,no
BANK-07931,no
BANK-07932,no
BANK-07933,no
BANK-07934,no
BANK-07935,no
BANK-07936,no
BANK-07937,no
BANK-07938,no
BANK-07939,no
BANK-07940,no
BANK-07941,no
BANK-07942,no
BANK-07943,no
BANK-07944,no
BANK-07945,no
BANK-07946,no
BANK-07947,no
BANK-07948,no
BANK-07949,no
BANK-07950,no
BANK-07951,no
BANK-07952,no
BANK-07953,no
BANK-07954,yes
BANK-07955,no
BANK-07956,no
BANK-07957,no
BANK-07958,no
BANK-07959,no
BANK-07960,yes
BANK-07961,no
BANK-07962,no
BANK-07963,no
BANK-07964,no
BANK-07965,no
BANK-07966,no
BANK-07967,no
BANK-07968,no
BANK-07969,no
BANK-07970,no
BANK-07971,no
BANK-07972,no
BANK-07973,no
BANK-07974,yes
BANK-07975,no
BANK-07976,no
BANK-07977,no
BANK-07978,no
BANK-07979,no
BANK-07980,no
BANK-07981,no
BANK-07982,no
BANK-07983,no
BANK-07984,no
BANK-07985,no
BANK-07986,no
BANK-07987,no
BANK-07988,no
BANK-07989,no
BANK-07990,no
BANK-07991,no
BANK-07992,no
BANK-07993,no
BANK-07994,no
BANK-07995,no
BANK-07996,no
BANK-07997,no
BANK-07998,no
BANK-07999,no
BANK-08000,no
BANK-08001,no
BANK-08002,no
BANK-08003,no
BANK-08004,no
BANK-08005,no
BANK-08006,no
BANK-08007,no
BANK-08008,no
BANK-08009,no
BANK-08010,no
BANK-08011,no
BANK-08012,no
BANK-08013,no
BANK-08014,no
BANK-08015,no
BANK-08016,no
BANK-08017,no
BANK-08018,no
BANK-08019,no
BANK-08020,no
BANK-08021,no
BANK-08022,no
BANK-08023,no
BANK-08024,no
BANK-08025,no
BANK-08026,yes
BANK-08027,no
BANK-08028,no
BANK-08029,no
BANK-08030,no
BANK-08031,no
BANK-08032,no
BANK-08033,no
BANK-08034,no
BANK-08035,no
BANK-08036,no
BANK-08037,no
BANK-08038,no
BANK-08039,no
BANK-08040,no
BANK-08041,no
BANK-08042,no
BANK-08043,no
BANK-08044,no
BANK-08045,no
BANK-08046,no
BANK-08047,no
BANK-08048,no
BANK-08049,yes
BANK-08050,no
BANK-08051,no
BANK-08052,no
BANK-08053,no
BANK-08054,no
BANK-08055,no
BANK-08056,no
BANK-08057,no
BANK-08058,no
BANK-08059,no
BANK-08060,no
BANK-08061,no
BANK-08062,no
BANK-08063,no
BANK-08064,no
BANK-08065,no
BANK-08066,no
BANK-08067,no
BANK-08068,no
BANK-08069,yes
BANK-08070,no
BANK-08071,no
BANK-08072,no
BANK-08073,no
BANK-08074,no
BANK-08075,yes
BANK-08076,yes
BANK-08077,no
BANK-08078,no
BANK-08079,yes
BANK-08080,no
BANK-08081,no
BANK-08082,no
BANK-08083,no
BANK-08084,no
BANK-08085,no
BANK-08086,no
BANK-08087,no
BANK-08088,no
BANK-08089,yes
BANK-08090,no
BANK-08091,no
BANK-08092,no
BANK-08093,no
BANK-08094,no
BANK-08095,yes
BANK-08096,no
BANK-08097,no
BANK-08098,no
BANK-08099,no
BANK-08100,no
BANK-08101,no
BANK-08102,no
BANK-08103,no
BANK-08104,no
BANK-08105,no
BANK-08106,no
BANK-08107,no
BANK-08108,no
BANK-08109,no
BANK-08110,no
BANK-08111,no
BANK-08112,no
BANK-08113,no
BANK-08114,no
BANK-08115,no
BANK-08116,no
BANK-08117,no
BANK-08118,no
BANK-08119,no
BANK-08120,no
BANK-08121,no
BANK-08122,no
BANK-08123,no
BANK-08124,yes
BANK-08125,yes
BANK-08126,no
BANK-08127,no
BANK-08128,no
BANK-08129,no
BANK-08130,no
BANK-08131,no
BANK-08132,no
BANK-08133,no
BANK-08134,no
BANK-08135,no
BANK-08136,no
BANK-08137,no
BANK-08138,yes
BANK-08139,no
BANK-08140,no
BANK-08141,no
BANK-08142,no
BANK-08143,yes
BANK-08144,no
BANK-08145,no
BANK-08146,no
BANK-08147,no
BANK-08148,no
BANK-08149,no
BANK-08150,no
BANK-08151,no
BANK-08152,no
BANK-08153,no
BANK-08154,no
BANK-08155,no
BANK-08156,no
BANK-08157,no
BANK-08158,no
BANK-08159,no
BANK-08160,no
BANK-08161,no
BANK-08162,no
BANK-08163,no
BANK-08164,no
BANK-08165,no
BANK-08166,no
BANK-08167,no
BANK-08168,yes
BANK-08169,no
BANK-08170,no
BANK-08171,no
BANK-08172,no
BANK-08173,no
BANK-08174,no
BANK-08175,no
BANK-08176,no
BANK-08177,no
BANK-08178,no
BANK-08179,no
BANK-08180,no
BANK-08181,no
BANK-08182,no
BANK-08183,no
BANK-08184,no
BANK-08185,no
BANK-08186,no
BANK-08187,no
BANK-08188,no
BANK-08189,no
BANK-08190,no
BANK-08191,no
BANK-08192,no
BANK-08193,yes
BANK-08194,no
BANK-08195,no
BANK-08196,no
BANK-08197,no
BANK-08198,no
BANK-08199,no
BANK-08200,no
BANK-08201,no
BANK-08202,no
BANK-08203,no
BANK-08204,no
BANK-08205,no
BANK-08206,no
BANK-08207,no
BANK-08208,yes
BANK-08209,no
BANK-08210,no
BANK-08211,no
BANK-08212,no
BANK-08213,no
BANK-08214,no
BANK-08215,no
BANK-08216,no
BANK-08217,no
BANK-08218,no
BANK-08219,no
BANK-08220,no
BANK-08221,no
BANK-08222,no
BANK-08223,no
BANK-08224,yes
BANK-08225,no
BANK-08226,no
BANK-08227,no
BANK-08228,no
BANK-08229,no
BANK-08230,no
BANK-08231,no
BANK-08232,no
BANK-08233,yes
BANK-08234,no
BANK-08235,no
BANK-08236,no
BANK-08237,no
BANK-08238,no
BANK-08239,no
BANK-08240,no
BANK-08241,no
BANK-08242,no
BANK-08243,no
BANK-08244,no
BANK-08245,no
BANK-08246,no
BANK-08247,no
BANK-08248,no
BANK-08249,no
BANK-08250,no
BANK-08251,no
BANK-08252,no
BANK-08253,no
BANK-08254,no
BANK-08255,yes
BANK-08256,no
BANK-08257,no
BANK-08258,no
BANK-08259,no
BANK-08260,no
BANK-08261,no
BANK-08262,no
BANK-08263,no
BANK-08264,no
BANK-08265,no
BANK-08266,no
BANK-08267,no
BANK-08268,no
BANK-08269,no
BANK-08270,no
BANK-08271,no
BANK-08272,no
BANK-08273,no
BANK-08274,no
BANK-08275,no
BANK-08276,no
BANK-08277,no
BANK-08278,no
BANK-08279,no
BANK-08280,no
BANK-08281,no
BANK-08282,no
BANK-08283,no
BANK-08284,no
BANK-08285,no
BANK-08286,no
BANK-08287,yes
BANK-08288,no
BANK-08289,no
BANK-08290,no
BANK-08291,no
BANK-08292,no
BANK-08293,no
BANK-08294,no
BANK-08295,no
BANK-08296,no
BANK-08297,no
BANK-08298,no
BANK-08299,no
BANK-08300,no
BANK-08301,no
BANK-08302,no
BANK-08303,yes
BANK-08304,no
BANK-08305,no
BANK-08306,no
BANK-08307,yes
BANK-08308,no
BANK-08309,no
BANK-08310,no
BANK-08311,no
BANK-08312,no
BANK-08313,no
BANK-08314,no
BANK-08315,no
BANK-08316,no
BANK-08317,no
BANK-08318,no
BANK-08319,no
BANK-08320,no
BANK-08321,no
BANK-08322,no
BANK-08323,no
BANK-08324,no
BANK-08325,no
BANK-08326,no
BANK-08327,no
BANK-08328,no
BANK-08329,no
BANK-08330,no
BANK-08331,no
BANK-08332,no
BANK-08333,no
BANK-08334,yes
BANK-08335,yes
BANK-08336,no
BANK-08337,no
BANK-08338,no
BANK-08339,no
BANK-08340,no
BANK-08341,no
BANK-08342,no
BANK-08343,no
BANK-08344,no
BANK-08345,no
BANK-08346,no
BANK-08347,no
BANK-08348,no
BANK-08349,no
BANK-08350,yes
BANK-08351,no
BANK-08352,no
BANK-08353,no
BANK-08354,no
BANK-08355,no
BANK-08356,no
BANK-08357,no
BANK-08358,no
BANK-08359,no
BANK-08360,no
BANK-08361,no
BANK-08362,no
BANK-08363,no
BANK-08364,no
BANK-08365,no
BANK-08366,no
BANK-08367,yes
BANK-08368,no
BANK-08369,no
BANK-08370,no
BANK-08371,no
BANK-08372,no
BANK-08373,no
BANK-08374,no
BANK-08375,no
BANK-08376,no
BANK-08377,no
BANK-08378,no
BANK-08379,no
BANK-08380,no
BANK-08381,yes
BANK-08382,no
BANK-08383,no
BANK-08384,no
BANK-08385,no
BANK-08386,yes
BANK-08387,no
BANK-08388,no
BANK-08389,no
BANK-08390,no
BANK-08391,no
BANK-08392,no
BANK-08393,no
BANK-08394,no
BANK-08395,no
BANK-08396,no
BANK-08397,no
BANK-08398,no
BANK-08399,no
BANK-08400,no
BANK-08401,no
BANK-08402,no
BANK-08403,no
BANK-08404,yes
BANK-08405,no
BANK-08406,no
BANK-08407,no
BANK-08408,no
BANK-08409,no
BANK-08410,no
BANK-08411,no
BANK-08412,no
BANK-08413,no
BANK-08414,no
BANK-08415,no
BANK-08416,no
BANK-08417,no
BANK-08418,no
BANK-08419,no
BANK-08420,no
BANK-08421,no
BANK-08422,no
BANK-08423,no
BANK-08424,no
BANK-08425,no
BANK-08426,no
BANK-08427,no
BANK-08428,no
BANK-08429,no
BANK-08430,no
BANK-08431,yes
BANK-08432,no
BANK-08433,no
BANK-08434,yes
BANK-08435,no
BANK-08436,no
BANK-08437,no
BANK-08438,no
BANK-08439,no
BANK-08440,yes
BANK-08441,no
BANK-08442,no
BANK-08443,no
BANK-08444,no
BANK-08445,no
BANK-08446,no
BANK-08447,no
BANK-08448,yes
BANK-08449,no
BANK-08450,no
BANK-08451,no
BANK-08452,no
BANK-08453,no
BANK-08454,yes
BANK-08455,no
BANK-08456,no
BANK-08457,yes
BANK-08458,no
BANK-08459,no
BANK-08460,no
BANK-08461,no
BANK-08462,no
BANK-08463,no
BANK-08464,yes
BANK-08465,no
BANK-08466,no
BANK-08467,no
BANK-08468,no
BANK-08469,no
BANK-08470,no
BANK-08471,no
BANK-08472,no
BANK-08473,no
BANK-08474,no
BANK-08475,no
BANK-08476,no
BANK-08477,no
BANK-08478,no
BANK-08479,no
BANK-08480,no
BANK-08481,no
BANK-08482,no
BANK-08483,yes
BANK-08484,no
BANK-08485,no
BANK-08486,no
BANK-08487,no
BANK-08488,no
BANK-08489,no
BANK-08490,no
BANK-08491,no
BANK-08492,no
BANK-08493,no
BANK-08494,no
BANK-08495,no
BANK-08496,no
BANK-08497,no
BANK-08498,no
BANK-08499,no
BANK-08500,no
BANK-08501,no
BANK-08502,no
BANK-08503,no
BANK-08504,no
BANK-08505,no
BANK-08506,no
BANK-08507,no
BANK-08508,no
BANK-08509,no
BANK-08510,no
BANK-08511,no
BANK-08512,no
BANK-08513,no
BANK-08514,no
BANK-08515,no
BANK-08516,no
BANK-08517,no
BANK-08518,no
BANK-08519,no
BANK-08520,no
BANK-08521,no
BANK-08522,no
BANK-08523,no
BANK-08524,no
BANK-08525,no
BANK-08526,no
BANK-08527,no
BANK-08528,no
BANK-08529,no
BANK-08530,no
BANK-08531,no
BANK-08532,no
BANK-08533,no
BANK-08534,no
BANK-08535,no
BANK-08536,no
BANK-08537,no
BANK-08538,yes
BANK-08539,no
BANK-08540,yes
BANK-08541,no
BANK-08542,no
BANK-08543,no
BANK-08544,no
BANK-08545,no
BANK-08546,no
BANK-08547,no
BANK-08548,no
BANK-08549,no
BANK-08550,no
BANK-08551,no
BANK-08552,no
BANK-08553,no
BANK-08554,no
BANK-08555,no
BANK-08556,no
BANK-08557,no
BANK-08558,no
BANK-08559,no
BANK-08560,no
BANK-08561,no
BANK-08562,no
BANK-08563,no
BANK-08564,no
BANK-08565,no
BANK-08566,no
BANK-08567,no
BANK-08568,no
BANK-08569,no
BANK-08570,no
BANK-08571,yes
BANK-08572,no
BANK-08573,no
BANK-08574,yes
BANK-08575,no
BANK-08576,no
BANK-08577,no
BANK-08578,no
BANK-08579,no
BANK-08580,no
BANK-08581,no
BANK-08582,no
BANK-08583,no
BANK-08584,no
BANK-08585,no
BANK-08586,no
BANK-08587,no
BANK-08588,no
BANK-08589,no
BANK-08590,no
BANK-08591,no
BANK-08592,no
BANK-08593,no
BANK-08594,no
BANK-08595,no
BANK-08596,no
BANK-08597,no
BANK-08598,no
BANK-08599,no
BANK-08600,no
BANK-08601,no
BANK-08602,no
BANK-08603,no
BANK-08604,no
BANK-08605,no
BANK-08606,no
BANK-08607,no
BANK-08608,no
BANK-08609,no
BANK-08610,no
BANK-08611,no
BANK-08612,no
BANK-08613,yes
BANK-08614,no
BANK-08615,no
BANK-08616,no
BANK-08617,no
BANK-08618,yes
BANK-08619,no
BANK-08620,no
BANK-08621,no
BANK-08622,no
BANK-08623,no
BANK-08624,no
BANK-08625,no
BANK-08626,no
BANK-08627,no
BANK-08628,no
BANK-08629,no
BANK-08630,no
BANK-08631,no
BANK-08632,no
BANK-08633,yes
BANK-08634,no
BANK-08635,no
BANK-08636,no
BANK-08637,no
BANK-08638,no
BANK-08639,no
BANK-08640,no
BANK-08641,no
BANK-08642,no
BANK-08643,no
BANK-08644,no
BANK-08645,no
BANK-08646,no
BANK-08647,yes
BANK-08648,no
BANK-08649,no
BANK-08650,no
BANK-08651,no
BANK-08652,no
BANK-08653,no
BANK-08654,no
BANK-08655,no
BANK-08656,no
BANK-08657,no
BANK-08658,no
BANK-08659,no
BANK-08660,no
BANK-08661,no
BANK-08662,no
BANK-08663,yes
BANK-08664,no
BANK-08665,yes
BANK-08666,no
BANK-08667,yes
BANK-08668,no
BANK-08669,no
BANK-08670,no
BANK-08671,no
BANK-08672,no
BANK-08673,no
BANK-08674,no
BANK-08675,no
BANK-08676,no
BANK-08677,no
BANK-08678,no
BANK-08679,no
BANK-08680,no
BANK-08681,no
BANK-08682,no
BANK-08683,no
BANK-08684,no
BANK-08685,no
BANK-08686,no
BANK-08687,no
BANK-08688,no
BANK-08689,no
BANK-08690,no
BANK-08691,no
BANK-08692,no
BANK-08693,no
BANK-08694,no
BANK-08695,no
BANK-08696,no
BANK-08697,no
BANK-08698,no
BANK-08699,no
BANK-08700,yes
BANK-08701,no
BANK-08702,no
BANK-08703,no
BANK-08704,no
BANK-08705,no
BANK-08706,no
BANK-08707,no
BANK-08708,no
BANK-08709,no
BANK-08710,no
BANK-08711,no
BANK-08712,no
BANK-08713,no
BANK-08714,yes
BANK-08715,no
BANK-08716,no
BANK-08717,no
BANK-08718,no
BANK-08719,no
BANK-08720,no
BANK-08721,no
BANK-08722,no
BANK-08723,no
BANK-08724,no
BANK-08725,no
BANK-08726,no
BANK-08727,no
BANK-08728,no
BANK-08729,no
BANK-08730,no
BANK-08731,no
BANK-08732,no
BANK-08733,no
BANK-08734,no
BANK-08735,no
BANK-08736,no
BANK-08737,no
BANK-08738,yes
BANK-08739,no
BANK-08740,yes
BANK-08741,no
BANK-08742,no
BANK-08743,no
BANK-08744,no
BANK-08745,no
BANK-08746,no
BANK-08747,no
BANK-08748,no
BANK-08749,no
BANK-08750,no
BANK-08751,no
BANK-08752,no
BANK-08753,no
BANK-08754,no
BANK-08755,no
BANK-08756,no
BANK-08757,no
BANK-08758,no
BANK-08759,no
BANK-08760,yes
BANK-08761,no
BANK-08762,no
BANK-08763,no
BANK-08764,no
BANK-08765,no
BANK-08766,no
BANK-08767,no
BANK-08768,no
BANK-08769,no
BANK-08770,no
BANK-08771,no
BANK-08772,no
BANK-08773,no
BANK-08774,no
BANK-08775,no
BANK-08776,no
BANK-08777,no
BANK-08778,no
BANK-08779,yes
BANK-08780,no
BANK-08781,no
BANK-08782,no
BANK-08783,no
BANK-08784,no
BANK-08785,no
BANK-08786,no
BANK-08787,no
BANK-08788,no
BANK-08789,no
BANK-08790,no
BANK-08791,no
BANK-08792,no
BANK-08793,no
BANK-08794,no
BANK-08795,no
BANK-08796,yes
BANK-08797,no
BANK-08798,no
BANK-08799,no
BANK-08800,no
BANK-08801,no
BANK-08802,no
BANK-08803,no
BANK-08804,no
BANK-08805,no
BANK-08806,no
BANK-08807,no
BANK-08808,no
BANK-08809,no
BANK-08810,no
BANK-08811,no
BANK-08812,no
BANK-08813,yes
BANK-08814,no
BANK-08815,no
BANK-08816,no
BANK-08817,no
BANK-08818,no
BANK-08819,no
BANK-08820,no
BANK-08821,no
BANK-08822,no
BANK-08823,no
BANK-08824,no
BANK-08825,no
BANK-08826,no
BANK-08827,no
BANK-08828,no
BANK-08829,yes
BANK-08830,no
BANK-08831,no
BANK-08832,no
BANK-08833,no
BANK-08834,no
BANK-08835,no
BANK-08836,no
BANK-08837,no
BANK-08838,no
BANK-08839,no
BANK-08840,no
BANK-08841,yes
BANK-08842,no
BANK-08843,no
BANK-08844,no
BANK-08845,no
BANK-08846,no
BANK-08847,no
BANK-08848,no
BANK-08849,no
BANK-08850,no
BANK-08851,no
BANK-08852,no
BANK-08853,no
BANK-08854,no
BANK-08855,no
BANK-08856,no
BANK-08857,no
BANK-08858,no
BANK-08859,no
BANK-08860,no
BANK-08861,no
BANK-08862,no
BANK-08863,no
BANK-08864,no
BANK-08865,no
BANK-08866,no
BANK-08867,no
BANK-08868,no
BANK-08869,no
BANK-08870,no
BANK-08871,no
BANK-08872,no
BANK-08873,no
BANK-08874,no
BANK-08875,no
BANK-08876,no
BANK-08877,no
BANK-08878,no
BANK-08879,no
BANK-08880,no
BANK-08881,yes
BANK-08882,no
BANK-08883,no
BANK-08884,no
BANK-08885,no
BANK-08886,no
BANK-08887,no
BANK-08888,no
BANK-08889,no
BANK-08890,no
BANK-08891,no
BANK-08892,no
BANK-08893,no
BANK-08894,yes
BANK-08895,no
BANK-08896,yes
BANK-08897,no
BANK-08898,no
BANK-08899,no
BANK-08900,no
BANK-08901,no
BANK-08902,no
BANK-08903,no
BANK-08904,no
BANK-08905,no
BANK-08906,no
BANK-08907,yes
BANK-08908,no
BANK-08909,no
BANK-08910,no
BANK-08911,no
BANK-08912,yes
BANK-08913,no
BANK-08914,no
BANK-08915,no
BANK-08916,yes
BANK-08917,no
BANK-08918,no
BANK-08919,no
BANK-08920,no
BANK-08921,yes
BANK-08922,no
BANK-08923,no
BANK-08924,no
BANK-08925,no
BANK-08926,no
BANK-08927,no
BANK-08928,no
BANK-08929,no
BANK-08930,no
BANK-08931,no
BANK-08932,yes
BANK-08933,no
BANK-08934,no
BANK-08935,no
BANK-08936,no
BANK-08937,no
BANK-08938,no
BANK-08939,no
BANK-08940,no
BANK-08941,no
BANK-08942,no
BANK-08943,no
BANK-08944,no
BANK-08945,no
BANK-08946,no
BANK-08947,no
BANK-08948,no
BANK-08949,no
BANK-08950,no
BANK-08951,no
BANK-08952,no
BANK-08953,no
BANK-08954,no
BANK-08955,no
BANK-08956,no
BANK-08957,no
BANK-08958,no
BANK-08959,no
BANK-08960,no
BANK-08961,no
BANK-08962,no
BANK-08963,yes
BANK-08964,no
BANK-08965,no
BANK-08966,no
BANK-08967,no
BANK-08968,no
BANK-08969,no
BANK-08970,no
BANK-08971,no
BANK-08972,no
BANK-08973,no
BANK-08974,no
BANK-08975,no
BANK-08976,no
BANK-08977,no
BANK-08978,no
BANK-08979,no
BANK-08980,no
BANK-08981,no
BANK-08982,no
BANK-08983,no
BANK-08984,no
BANK-08985,no
BANK-08986,no
BANK-08987,no
BANK-08988,no
BANK-08989,no
BANK-08990,no
BANK-08991,no
BANK-08992,no
BANK-08993,no
BANK-08994,no
BANK-08995,no
BANK-08996,no
BANK-08997,no
BANK-08998,no
BANK-08999,yes
BANK-09000,yes
BANK-09001,no
BANK-09002,no
BANK-09003,no
BANK-09004,yes
BANK-09005,no
BANK-09006,no
BANK-09007,no
BANK-09008,no
BANK-09009,no
BANK-09010,no
BANK-09011,no
BANK-09012,no
BANK-09013,no
BANK-09014,no
BANK-09015,no
BANK-09016,no
BANK-09017,no
BANK-09018,no
BANK-09019,no
BANK-09020,no
BANK-09021,no
BANK-09022,no
BANK-09023,no
BANK-09024,no
BANK-09025,no
BANK-09026,no
BANK-09027,no
BANK-09028,no
BANK-09029,no
BANK-09030,yes
BANK-09031,no
BANK-09032,no
BANK-09033,no
BANK-09034,no
BANK-09035,no
BANK-09036,yes
BANK-09037,no
BANK-09038,no
BANK-09039,no
BANK-09040,no
BANK-09041,no
BANK-09042,no
BANK-09043,no
